2026-05-27 00:26:13,221 ERROR: Failed to fetch S&P 500 tickers: HTTP Error 403: Forbidden
2026-05-27 00:26:13,241 INFO: Saved 0 results to good_forward_pe_results_20260527_002613.csv.
2026-05-27 00:28:47,519 INFO: Fetched 503 S&P 500 tickers from Wikipedia.
2026-05-27 00:28:48,530 INFO: MMM: TrailingPE=29.735521, ForwardPE=16.290472
2026-05-27 00:28:49,022 INFO: AOS: TrailingPE=15.554667, ForwardPE=13.956415
2026-05-27 00:28:49,540 INFO: ABT: TrailingPE=24.277311, ForwardPE=14.292664
2026-05-27 00:28:50,085 INFO: ABBV: TrailingPE=103.960976, ForwardPE=13.131424
2026-05-27 00:28:50,798 INFO: ACN: TrailingPE=14.496314, ForwardPE=11.873927
2026-05-27 00:28:51,462 INFO: ADBE: TrailingPE=14.014569, ForwardPE=9.114296
2026-05-27 00:28:52,008 INFO: AMD: TrailingPE=168.52509, ForwardPE=38.881783
2026-05-27 00:28:52,525 INFO: AES: TrailingPE=7.640625, ForwardPE=6.141185
2026-05-27 00:28:53,065 INFO: AFL: TrailingPE=13.350857, ForwardPE=15.363593
2026-05-27 00:28:53,564 INFO: A: TrailingPE=25.403973, ForwardPE=17.53349
2026-05-27 00:28:54,073 INFO: APD: TrailingPE=30.516335, ForwardPE=20.331867
2026-05-27 00:28:54,576 INFO: ABNB: TrailingPE=32.76049, ForwardPE=21.949007
2026-05-27 00:28:55,107 INFO: AKAM: TrailingPE=50.070946, ForwardPE=20.613583
2026-05-27 00:28:55,606 INFO: ALB: TrailingPE=None, ForwardPE=14.72835
2026-05-27 00:28:56,153 INFO: ARE: TrailingPE=None, ForwardPE=-55.079548
2026-05-27 00:28:56,871 INFO: ALGN: TrailingPE=27.441275, ForwardPE=13.212948
2026-05-27 00:28:57,408 INFO: ALLE: TrailingPE=17.979507, ForwardPE=13.788616
2026-05-27 00:28:57,966 INFO: LNT: TrailingPE=23.169811, ForwardPE=19.992239
2026-05-27 00:28:58,492 INFO: ALL: TrailingPE=4.708407, ForwardPE=8.118492
2026-05-27 00:28:59,009 INFO: GOOGL: TrailingPE=29.685495, ForwardPE=26.866783
2026-05-27 00:28:59,488 INFO: GOOG: TrailingPE=29.309977, ForwardPE=26.587667
2026-05-27 00:28:59,989 INFO: MO: TrailingPE=15.108561, ForwardPE=12.334211
2026-05-27 00:29:00,496 INFO: AMZN: TrailingPE=31.507126, ForwardPE=26.907345
2026-05-27 00:29:00,987 INFO: AMCR: TrailingPE=31.411291, ForwardPE=9.0844
2026-05-27 00:29:01,495 INFO: AEE: TrailingPE=19.969425, ForwardPE=19.127207
2026-05-27 00:29:02,032 INFO: AEP: TrailingPE=19.363903, ForwardPE=19.088531
2026-05-27 00:29:02,707 INFO: AXP: TrailingPE=19.383656, ForwardPE=15.439718
2026-05-27 00:29:03,248 INFO: AIG: TrailingPE=13.589789, ForwardPE=8.678787
2026-05-27 00:29:03,767 INFO: AMT: TrailingPE=29.830647, ForwardPE=26.780596
2026-05-27 00:29:04,270 INFO: AWK: TrailingPE=21.998222, ForwardPE=18.865969
2026-05-27 00:29:04,766 INFO: AMP: TrailingPE=11.35344, ForwardPE=9.561138
2026-05-27 00:29:05,443 INFO: AME: TrailingPE=34.65861, ForwardPE=26.039171
2026-05-27 00:29:06,019 INFO: AMGN: TrailingPE=23.345379, ForwardPE=14.309263
2026-05-27 00:29:06,518 INFO: APH: TrailingPE=39.988537, ForwardPE=24.799158
2026-05-27 00:29:07,213 INFO: ADI: TrailingPE=62.5842, ForwardPE=28.425549
2026-05-27 00:29:07,723 INFO: AON: TrailingPE=17.52415, ForwardPE=14.906427
2026-05-27 00:29:08,267 INFO: APA: TrailingPE=8.741259, ForwardPE=8.880364
2026-05-27 00:29:08,755 INFO: APO: TrailingPE=81.70441, ForwardPE=12.242079
2026-05-27 00:29:09,428 INFO: AAPL: TrailingPE=37.373333, ForwardPE=32.091232
2026-05-27 00:29:09,930 INFO: AMAT: TrailingPE=42.79304, ForwardPE=28.209322
2026-05-27 00:29:10,432 INFO: APP: TrailingPE=44.67767, ForwardPE=23.45307
2026-05-27 00:29:10,921 INFO: APTV: TrailingPE=34.976192, ForwardPE=8.64152
2026-05-27 00:29:11,460 INFO: ACGL: TrailingPE=7.336154, ForwardPE=9.631884
2026-05-27 00:29:11,948 INFO: ADM: TrailingPE=34.825893, ForwardPE=15.0259075
2026-05-27 00:29:12,611 INFO: ARES: TrailingPE=57.999996, ForwardPE=17.113842
2026-05-27 00:29:13,116 INFO: ANET: TrailingPE=54.298965, ForwardPE=35.511612
2026-05-27 00:29:13,584 INFO: AJG: TrailingPE=33.00324, ForwardPE=13.73456
2026-05-27 00:29:14,078 INFO: AIZ: TrailingPE=13.115267, ForwardPE=11.394028
2026-05-27 00:29:14,577 INFO: T: TrailingPE=8.230264, ForwardPE=9.799544
2026-05-27 00:29:15,305 INFO: ATO: TrailingPE=21.85978, ForwardPE=19.903015
2026-05-27 00:29:15,971 INFO: ADSK: TrailingPE=45.550667, ForwardPE=16.88127
2026-05-27 00:29:16,757 INFO: ADP: TrailingPE=20.368471, ForwardPE=17.90717
2026-05-27 00:29:17,457 INFO: AZO: TrailingPE=21.720102, ForwardPE=17.736324
2026-05-27 00:29:18,129 INFO: AVB: TrailingPE=22.907179, ForwardPE=37.992275
2026-05-27 00:29:18,662 INFO: AVY: TrailingPE=17.995495, ForwardPE=14.311187
2026-05-27 00:29:19,154 INFO: AXON: TrailingPE=155.9919, ForwardPE=36.440636
2026-05-27 00:29:19,667 INFO: BKR: TrailingPE=21.319489, ForwardPE=23.979275
2026-05-27 00:29:20,168 INFO: BALL: TrailingPE=16.48688, ForwardPE=12.510951
2026-05-27 00:29:20,649 INFO: BAC: TrailingPE=12.952853, ForwardPE=10.337739
2026-05-27 00:29:21,120 INFO: BAX: TrailingPE=None, ForwardPE=9.635942
2026-05-27 00:29:21,664 INFO: BDX: TrailingPE=25.78534, ForwardPE=10.989012
2026-05-27 00:29:22,140 INFO: BRK.B: TrailingPE=None, ForwardPE=None
2026-05-27 00:29:22,676 INFO: BBY: TrailingPE=12.543652, ForwardPE=9.033584
2026-05-27 00:29:23,168 INFO: TECH: TrailingPE=68.52857, ForwardPE=23.238691
2026-05-27 00:29:23,653 INFO: BIIB: TrailingPE=20.76129, ForwardPE=11.635594
2026-05-27 00:29:24,184 INFO: BLK: TrailingPE=27.138538, ForwardPE=17.76562
2026-05-27 00:29:24,863 INFO: BX: TrailingPE=30.28718, ForwardPE=15.67597
2026-05-27 00:29:25,373 INFO: XYZ: TrailingPE=54.039062, ForwardPE=13.924145
2026-05-27 00:29:25,882 INFO: BNY: TrailingPE=17.5, ForwardPE=14.592385
2026-05-27 00:29:26,356 INFO: BA: TrailingPE=86.1811, ForwardPE=52.350513
2026-05-27 00:29:26,884 INFO: BKNG: TrailingPE=21.515152, ForwardPE=13.272053
2026-05-27 00:29:27,387 INFO: BSX: TrailingPE=24.117153, ForwardPE=15.316263
2026-05-27 00:29:27,903 INFO: BMY: TrailingPE=16.254902, ForwardPE=9.40444
2026-05-27 00:29:28,415 INFO: AVGO: TrailingPE=82.10312, ForwardPE=23.112387
2026-05-27 00:29:28,906 INFO: BR: TrailingPE=15.716577, ForwardPE=14.121145
2026-05-27 00:29:29,391 INFO: BRO: TrailingPE=18.563519, ForwardPE=11.715057
2026-05-27 00:29:29,861 INFO: BF.B: TrailingPE=None, ForwardPE=None
2026-05-27 00:29:30,606 INFO: BLDR: TrailingPE=28.400766, ForwardPE=12.65515
2026-05-27 00:29:31,382 INFO: BG: TrailingPE=31.605263, ForwardPE=11.032529
2026-05-27 00:29:31,927 INFO: BXP: TrailingPE=30.457287, ForwardPE=28.519802
2026-05-27 00:29:32,428 INFO: CHRW: TrailingPE=35.941418, ForwardPE=24.240566
2026-05-27 00:29:32,973 INFO: CDNS: TrailingPE=88.77907, ForwardPE=40.695343
2026-05-27 00:29:33,524 INFO: CPT: TrailingPE=30.094973, ForwardPE=88.0754
2026-05-27 00:29:34,110 INFO: CPB: TrailingPE=10.940217, ForwardPE=9.348789
2026-05-27 00:29:34,581 INFO: COF: TrailingPE=57.36, ForwardPE=7.7106214
2026-05-27 00:29:35,113 INFO: CAH: TrailingPE=30.637613, ForwardPE=16.728935
2026-05-27 00:29:35,596 INFO: CCL: TrailingPE=11.76652, ForwardPE=10.273353
2026-05-27 00:29:36,094 INFO: CARR: TrailingPE=43.26, ForwardPE=20.263433
2026-05-27 00:29:36,604 INFO: CVNA: TrailingPE=40.549133, ForwardPE=33.219364
2026-05-27 00:29:37,085 INFO: CASY: TrailingPE=46.491096, ForwardPE=40.06641
2026-05-27 00:29:37,761 INFO: CAT: TrailingPE=45.291626, ForwardPE=30.475042
2026-05-27 00:29:38,277 INFO: CBOE: TrailingPE=30.246586, ForwardPE=24.60851
2026-05-27 00:29:38,835 INFO: CBRE: TrailingPE=29.625568, ForwardPE=14.654347
2026-05-27 00:29:39,331 INFO: CDW: TrailingPE=13.226552, ForwardPE=9.490988
2026-05-27 00:29:39,848 INFO: COR: TrailingPE=20.733538, ForwardPE=13.6924095
2026-05-27 00:29:40,356 INFO: CNC: TrailingPE=None, ForwardPE=12.841087
2026-05-27 00:29:40,843 INFO: CNP: TrailingPE=26.337423, ForwardPE=20.620192
2026-05-27 00:29:41,326 INFO: CF: TrailingPE=10.735135, ForwardPE=11.350572
2026-05-27 00:29:41,864 INFO: CRL: TrailingPE=None, ForwardPE=12.732297
2026-05-27 00:29:42,389 INFO: SCHW: TrailingPE=17.77336, ForwardPE=12.384108
2026-05-27 00:29:42,885 INFO: CHTR: TrailingPE=3.896104, ForwardPE=3.2566617
2026-05-27 00:29:43,575 INFO: CVX: TrailingPE=32.179443, ForwardPE=14.995641
2026-05-27 00:29:44,087 INFO: CMG: TrailingPE=29.642202, ForwardPE=23.80251
2026-05-27 00:29:44,592 INFO: CB: TrailingPE=11.516277, ForwardPE=11.124838
2026-05-27 00:29:45,100 INFO: CHD: TrailingPE=31.799341, ForwardPE=24.10675
2026-05-27 00:29:45,597 INFO: CIEN: TrailingPE=381.2595, ForwardPE=68.73444
2026-05-27 00:29:46,087 INFO: CI: TrailingPE=2.4694862, ForwardPE=8.385395
2026-05-27 00:29:46,623 INFO: CINF: TrailingPE=9.556064, ForwardPE=18.190174
2026-05-27 00:29:47,104 INFO: CTAS: TrailingPE=36.094936, ForwardPE=31.525646
2026-05-27 00:29:47,619 INFO: CSCO: TrailingPE=39.443333, ForwardPE=24.816181
2026-05-27 00:29:48,286 INFO: C: TrailingPE=15.6810875, ForwardPE=10.125067
2026-05-27 00:29:48,845 INFO: CFG: TrailingPE=15.082939, ForwardPE=9.925292
2026-05-27 00:29:49,337 INFO: CLX: TrailingPE=15.647155, ForwardPE=15.286833
2026-05-27 00:29:49,834 INFO: CME: TrailingPE=24.128096, ForwardPE=21.893755
2026-05-27 00:29:50,361 INFO: CMS: TrailingPE=20.554016, ForwardPE=17.783957
2026-05-27 00:29:50,879 INFO: KO: TrailingPE=25.301886, ForwardPE=23.096598
2026-05-27 00:29:51,361 INFO: CTSH: TrailingPE=11.238611, ForwardPE=8.410482
2026-05-27 00:29:51,841 INFO: COHR: TrailingPE=180.7346, ForwardPE=47.10537
2026-05-27 00:29:52,346 INFO: COIN: TrailingPE=66.180145, ForwardPE=36.331745
2026-05-27 00:29:52,830 INFO: CL: TrailingPE=34.82558, ForwardPE=22.2341
2026-05-27 00:29:53,330 INFO: CMCSA: TrailingPE=4.9313726, ForwardPE=6.597154
2026-05-27 00:29:53,826 INFO: FIX: TrailingPE=54.516933, ForwardPE=35.95504
2026-05-27 00:29:54,506 INFO: CAG: TrailingPE=None, ForwardPE=7.81575
2026-05-27 00:29:54,988 INFO: COP: TrailingPE=19.757627, ForwardPE=12.736522
2026-05-27 00:29:55,478 INFO: ED: TrailingPE=18.161888, ForwardPE=16.596218
2026-05-27 00:29:56,003 INFO: STZ: TrailingPE=15.363164, ForwardPE=11.845039
2026-05-27 00:29:56,491 INFO: CEG: TrailingPE=26.223478, ForwardPE=22.188557
2026-05-27 00:29:57,006 INFO: COO: TrailingPE=30.860697, ForwardPE=12.355441
2026-05-27 00:29:57,528 INFO: CPRT: TrailingPE=20.90566, ForwardPE=19.571592
2026-05-27 00:29:58,027 INFO: GLW: TrailingPE=94.3125, ForwardPE=46.44572
2026-05-27 00:29:58,526 INFO: CPAY: TrailingPE=20.934729, ForwardPE=11.422909
2026-05-27 00:29:59,003 INFO: CTVA: TrailingPE=42.75135, ForwardPE=19.276844
2026-05-27 00:29:59,509 INFO: CSGP: TrailingPE=464.57144, ForwardPE=18.082237
2026-05-27 00:30:00,029 INFO: COST: TrailingPE=52.154446, ForwardPE=44.48534
2026-05-27 00:30:00,581 INFO: CRH: TrailingPE=18.944342, ForwardPE=15.280712
2026-05-27 00:30:01,299 INFO: CRWD: TrailingPE=None, ForwardPE=109.03945
2026-05-27 00:30:02,013 INFO: CCI: TrailingPE=38.244728, ForwardPE=30.607662
2026-05-27 00:30:02,565 INFO: CSX: TrailingPE=28.595093, ForwardPE=21.547977
2026-05-27 00:30:03,279 INFO: CMI: TrailingPE=34.74026, ForwardPE=20.028645
2026-05-27 00:30:03,957 INFO: CVS: TrailingPE=39.79386, ForwardPE=10.849186
2026-05-27 00:30:04,575 INFO: DHR: TrailingPE=33.49031, ForwardPE=19.000864
2026-05-27 00:30:05,109 INFO: DRI: TrailingPE=21.501057, ForwardPE=17.92385
2026-05-27 00:30:05,848 INFO: DDOG: TrailingPE=559.125, ForwardPE=78.6221
2026-05-27 00:30:06,425 INFO: DVA: TrailingPE=18.841042, ForwardPE=11.382472
2026-05-27 00:30:06,930 INFO: DECK: TrailingPE=15.874644, ForwardPE=13.408542
2026-05-27 00:30:07,691 INFO: DE: TrailingPE=29.944538, ForwardPE=23.104214
2026-05-27 00:30:08,384 INFO: DELL: TrailingPE=35.14746, ForwardPE=20.416412
2026-05-27 00:30:08,879 INFO: DAL: TrailingPE=11.589781, ForwardPE=9.85429
2026-05-27 00:30:09,525 INFO: DVN: TrailingPE=12.573816, ForwardPE=8.422459
2026-05-27 00:30:10,083 INFO: DXCM: TrailingPE=30.90558, ForwardPE=23.529142
2026-05-27 00:30:10,857 INFO: FANG: TrailingPE=199.11224, ForwardPE=11.356171
2026-05-27 00:30:11,380 INFO: DLR: TrailingPE=51.507977, ForwardPE=67.6189
2026-05-27 00:30:11,944 INFO: DG: TrailingPE=15.125547, ForwardPE=13.02651
2026-05-27 00:30:12,462 INFO: DLTR: TrailingPE=15.77441, ForwardPE=12.722421
2026-05-27 00:30:13,083 INFO: D: TrailingPE=19.846607, ForwardPE=17.64092
2026-05-27 00:30:13,579 INFO: DPZ: TrailingPE=17.860762, ForwardPE=14.814526
2026-05-27 00:30:14,082 INFO: DASH: TrailingPE=72.64151, ForwardPE=19.782547
2026-05-27 00:30:14,636 INFO: DOV: TrailingPE=26.925, ForwardPE=18.605423
2026-05-27 00:30:15,184 INFO: DOW: TrailingPE=None, ForwardPE=16.49338
2026-05-27 00:30:15,796 INFO: DHI: TrailingPE=13.671363, ForwardPE=12.096952
2026-05-27 00:30:16,432 INFO: DTE: TrailingPE=23.825369, ForwardPE=17.316193
2026-05-27 00:30:17,001 INFO: DUK: TrailingPE=19.226154, ForwardPE=17.433895
2026-05-27 00:30:17,491 INFO: DD: TrailingPE=130.1579, ForwardPE=18.89582
2026-05-27 00:30:17,983 INFO: ETN: TrailingPE=39.48384, ForwardPE=25.641663
2026-05-27 00:30:18,516 INFO: EBAY: TrailingPE=26.630486, ForwardPE=17.046698
2026-05-27 00:30:19,274 INFO: SATS: TrailingPE=None, ForwardPE=-1080.0
2026-05-27 00:30:19,819 INFO: ECL: TrailingPE=34.355404, ForwardPE=26.4805
2026-05-27 00:30:20,355 INFO: EIX: TrailingPE=7.7434783, ForwardPE=10.938005
2026-05-27 00:30:20,851 INFO: EW: TrailingPE=47.31892, ForwardPE=26.015556
2026-05-27 00:30:21,669 INFO: EA: TrailingPE=57.139206, ForwardPE=20.614912
2026-05-27 00:30:22,168 INFO: ELV: TrailingPE=16.434322, ForwardPE=13.2609625
2026-05-27 00:30:22,696 INFO: EME: TrailingPE=28.906376, ForwardPE=26.563066
2026-05-27 00:30:23,604 INFO: EMR: TrailingPE=32.631943, ForwardPE=19.70407
2026-05-27 00:30:24,199 INFO: ETR: TrailingPE=28.563776, ForwardPE=22.283564
2026-05-27 00:30:24,748 INFO: EOG: TrailingPE=13.39233, ForwardPE=9.442098
2026-05-27 00:30:25,272 INFO: EPAM: TrailingPE=14.3232765, ForwardPE=7.066955
2026-05-27 00:30:25,824 INFO: EQT: TrailingPE=10.666034, ForwardPE=12.08851
2026-05-27 00:30:26,471 INFO: EFX: TrailingPE=28.663733, ForwardPE=15.843682
2026-05-27 00:30:27,011 INFO: EQIX: TrailingPE=74.47339, ForwardPE=56.05845
2026-05-27 00:30:27,561 INFO: EQR: TrailingPE=26.452, ForwardPE=42.293427
2026-05-27 00:30:28,232 INFO: ERIE: TrailingPE=20.427656, ForwardPE=15.922198
2026-05-27 00:30:28,745 INFO: ESS: TrailingPE=31.221846, ForwardPE=46.853905
2026-05-27 00:30:29,317 INFO: EL: TrailingPE=None, ForwardPE=27.24324
2026-05-27 00:30:29,861 INFO: EG: TrailingPE=7.17332, ForwardPE=5.8119855
2026-05-27 00:30:30,365 INFO: EVRG: TrailingPE=22.36968, ForwardPE=18.477795
2026-05-27 00:30:30,997 INFO: ES: TrailingPE=14.925053, ForwardPE=14.04534
2026-05-27 00:30:31,499 INFO: EXC: TrailingPE=16.860806, ForwardPE=15.154258
2026-05-27 00:30:32,054 INFO: EXE: TrailingPE=7.0349708, ForwardPE=9.736793
2026-05-27 00:30:32,635 INFO: EXPE: TrailingPE=19.679611, ForwardPE=9.653334
2026-05-27 00:30:33,155 INFO: EXPD: TrailingPE=25.919355, ForwardPE=23.555176
2026-05-27 00:30:33,699 INFO: EXR: TrailingPE=32.284756, ForwardPE=30.086422
2026-05-27 00:30:34,265 INFO: XOM: TrailingPE=25.26307, ForwardPE=14.259118
2026-05-27 00:30:34,817 INFO: FFIV: TrailingPE=32.648026, ForwardPE=22.710646
2026-05-27 00:30:35,391 INFO: FDS: TrailingPE=14.859716, ForwardPE=11.891814
2026-05-27 00:30:35,881 INFO: FICO: TrailingPE=40.00921, ForwardPE=23.264042
2026-05-27 00:30:36,435 INFO: FAST: TrailingPE=39.336285, ForwardPE=32.505283
2026-05-27 00:30:36,960 INFO: FRT: TrailingPE=20.824957, ForwardPE=38.87277
2026-05-27 00:30:37,498 INFO: FDX: TrailingPE=21.367521, ForwardPE=17.852776
2026-05-27 00:30:37,974 INFO: FIS: TrailingPE=8.182171, ForwardPE=6.192968
2026-05-27 00:30:38,568 INFO: FITB: TrailingPE=16.77441, ForwardPE=10.138628
2026-05-27 00:30:39,148 INFO: FSLR: TrailingPE=17.449903, ForwardPE=11.5158825
2026-05-27 00:30:39,802 INFO: FE: TrailingPE=25.347826, ForwardPE=15.827015
2026-05-27 00:30:40,356 INFO: FISV: TrailingPE=9.425424, ForwardPE=6.208344
2026-05-27 00:30:41,044 INFO: F: TrailingPE=None, ForwardPE=8.374926
2026-05-27 00:30:41,755 INFO: FTNT: TrailingPE=51.922485, ForwardPE=39.10887
2026-05-27 00:30:42,270 INFO: FTV: TrailingPE=35.482353, ForwardPE=18.755869
2026-05-27 00:30:42,781 INFO: FOXA: TrailingPE=17.094736, ForwardPE=11.434002
2026-05-27 00:30:43,277 INFO: FOX: TrailingPE=15.284211, ForwardPE=11.013913
2026-05-27 00:30:43,789 INFO: BEN: TrailingPE=24.175573, ForwardPE=10.7148905
2026-05-27 00:30:44,310 INFO: FCX: TrailingPE=34.05291, ForwardPE=17.262236
2026-05-27 00:30:44,845 INFO: GRMN: TrailingPE=26.651398, ForwardPE=23.104528
2026-05-27 00:30:45,380 INFO: IT: TrailingPE=15.617211, ForwardPE=10.29494
2026-05-27 00:30:45,904 INFO: GE: TrailingPE=39.01861, ForwardPE=36.243843
2026-05-27 00:30:46,469 INFO: GEHC: TrailingPE=15.390887, ForwardPE=11.969593
2026-05-27 00:30:46,991 INFO: GEV: TrailingPE=31.327774, ForwardPE=43.671993
2026-05-27 00:30:47,527 INFO: GEN: TrailingPE=15.7707, ForwardPE=7.5332775
2026-05-27 00:30:48,109 INFO: GNRC: TrailingPE=86.150475, ForwardPE=24.771727
2026-05-27 00:30:48,665 INFO: GD: TrailingPE=21.702772, ForwardPE=18.9927
2026-05-27 00:30:49,233 INFO: GIS: TrailingPE=8.107579, ForwardPE=10.171654
2026-05-27 00:30:49,806 INFO: GM: TrailingPE=29.120438, ForwardPE=5.682793
2026-05-27 00:30:50,287 INFO: GPC: TrailingPE=220.56819, ForwardPE=11.590717
2026-05-27 00:30:50,799 INFO: GILD: TrailingPE=18.194557, ForwardPE=13.945083
2026-05-27 00:30:51,352 INFO: GPN: TrailingPE=26.941175, ForwardPE=4.507414
2026-05-27 00:30:51,860 INFO: GL: TrailingPE=10.840249, ForwardPE=9.414635
2026-05-27 00:30:52,406 INFO: GDDY: TrailingPE=14.103011, ForwardPE=8.260213
2026-05-27 00:30:52,930 INFO: GS: TrailingPE=18.174707, ForwardPE=15.209428
2026-05-27 00:30:53,413 INFO: HAL: TrailingPE=22.696135, ForwardPE=14.148685
2026-05-27 00:30:53,902 INFO: HIG: TrailingPE=9.525686, ForwardPE=9.391196
2026-05-27 00:30:54,475 INFO: HAS: TrailingPE=None, ForwardPE=13.719711
2026-05-27 00:30:55,069 INFO: HCA: TrailingPE=13.513085, ForwardPE=11.8419695
2026-05-27 00:30:55,745 INFO: DOC: TrailingPE=62.593754, ForwardPE=148.37038
2026-05-27 00:30:56,268 INFO: HSIC: TrailingPE=22.326284, ForwardPE=12.508421
2026-05-27 00:30:56,800 INFO: HSY: TrailingPE=35.524162, ForwardPE=19.30661
2026-05-27 00:30:57,360 INFO: HPE: TrailingPE=None, ForwardPE=13.929759
2026-05-27 00:30:57,870 INFO: HLT: TrailingPE=49.436638, ForwardPE=31.08951
2026-05-27 00:30:58,396 ERROR: HD: Error fetching PE ratios: Failed to perform, curl: (23) Failure writing output to destination, passed 13 returned 0. See https://curl.se/libcurl/c/libcurl-errors.html first for more details.
2026-05-27 00:30:58,878 INFO: HON: TrailingPE=36.95694, ForwardPE=20.221977
2026-05-27 00:30:59,441 INFO: HRL: TrailingPE=23.47191, ForwardPE=13.389824
2026-05-27 00:31:00,063 INFO: HST: TrailingPE=15.721088, ForwardPE=23.11
2026-05-27 00:31:00,633 INFO: HWM: TrailingPE=60.763344, ForwardPE=43.71544
2026-05-27 00:31:01,211 INFO: HPQ: TrailingPE=9.253788, ForwardPE=8.207931
2026-05-27 00:31:01,756 INFO: HUBB: TrailingPE=28.270254, ForwardPE=21.9508
2026-05-27 00:31:02,471 INFO: HUM: TrailingPE=32.23184, ForwardPE=19.489132
2026-05-27 00:31:03,020 INFO: HBAN: TrailingPE=12.353847, ForwardPE=8.43514
2026-05-27 00:31:03,534 INFO: HII: TrailingPE=20.854452, ForwardPE=15.721986
2026-05-27 00:31:04,215 INFO: IBM: TrailingPE=22.184956, ForwardPE=18.632164
2026-05-27 00:31:04,703 INFO: IEX: TrailingPE=31.232248, ForwardPE=22.882257
2026-05-27 00:31:05,312 INFO: IDXX: TrailingPE=41.001472, ForwardPE=33.737732
2026-05-27 00:31:05,842 INFO: ITW: TrailingPE=23.250696, ForwardPE=20.573893
2026-05-27 00:31:06,431 INFO: INCY: TrailingPE=13.714689, ForwardPE=10.708492
2026-05-27 00:31:06,946 INFO: IR: TrailingPE=48.93919, ForwardPE=18.832554
2026-05-27 00:31:07,130 ERROR: PODD: Error fetching PE ratios: Failed to perform, curl: (23) Failure writing output to destination, passed 13 returned 0. See https://curl.se/libcurl/c/libcurl-errors.html first for more details.
2026-05-27 00:31:07,621 INFO: INTC: TrailingPE=None, ForwardPE=80.222374
2026-05-27 00:31:08,302 INFO: IBKR: TrailingPE=35.575108, ForwardPE=29.026972
2026-05-27 00:31:08,881 INFO: ICE: TrailingPE=21.92722, ForwardPE=17.149656
2026-05-27 00:31:09,508 INFO: IFF: TrailingPE=23.489164, ForwardPE=15.784678
2026-05-27 00:31:10,201 INFO: IP: TrailingPE=None, ForwardPE=11.936463
2026-05-27 00:31:10,729 INFO: INTU: TrailingPE=18.580587, ForwardPE=11.170997
2026-05-27 00:31:11,280 INFO: ISRG: TrailingPE=52.990295, ForwardPE=37.037163
2026-05-27 00:31:11,893 INFO: IVZ: TrailingPE=None, ForwardPE=9.321538
2026-05-27 00:31:12,394 INFO: INVH: TrailingPE=30.947369, ForwardPE=44.26111
2026-05-27 00:37:07,251 INFO: Fetched 503 S&P 500 tickers from Wikipedia.
2026-05-27 00:37:08,367 INFO: MMM: TrailingPE=29.735521, ForwardPE=16.290472
2026-05-27 00:37:08,971 INFO: AOS: TrailingPE=15.554667, ForwardPE=13.956415
2026-05-27 00:37:09,535 INFO: ABT: TrailingPE=24.277311, ForwardPE=14.292664
2026-05-27 00:37:10,078 INFO: ABBV: TrailingPE=103.960976, ForwardPE=13.131424
2026-05-27 00:37:10,624 INFO: ACN: TrailingPE=14.496314, ForwardPE=11.873927
2026-05-27 00:37:11,282 INFO: ADBE: TrailingPE=14.014569, ForwardPE=9.114296
2026-05-27 00:37:11,783 INFO: AMD: TrailingPE=168.52509, ForwardPE=38.881783
2026-05-27 00:37:12,287 INFO: AES: TrailingPE=7.640625, ForwardPE=6.141185
2026-05-27 00:37:12,837 INFO: AFL: TrailingPE=13.350857, ForwardPE=15.363593
2026-05-27 00:37:13,373 INFO: A: TrailingPE=25.403973, ForwardPE=17.53349
2026-05-27 00:37:13,907 INFO: APD: TrailingPE=30.516335, ForwardPE=20.331867
2026-05-27 00:37:14,429 INFO: ABNB: TrailingPE=32.76049, ForwardPE=21.949007
2026-05-27 00:37:14,919 INFO: AKAM: TrailingPE=50.070946, ForwardPE=20.613583
2026-05-27 00:37:15,464 INFO: ALB: TrailingPE=None, ForwardPE=14.72835
2026-05-27 00:37:15,962 INFO: ARE: TrailingPE=None, ForwardPE=-55.079548
2026-05-27 00:37:16,605 INFO: ALGN: TrailingPE=27.441275, ForwardPE=13.212948
2026-05-27 00:37:17,144 INFO: ALLE: TrailingPE=17.979507, ForwardPE=13.788616
2026-05-27 00:37:17,637 INFO: LNT: TrailingPE=23.169811, ForwardPE=19.992239
2026-05-27 00:37:18,126 INFO: ALL: TrailingPE=4.708407, ForwardPE=8.118492
2026-05-27 00:37:18,842 INFO: GOOGL: TrailingPE=29.685495, ForwardPE=26.866783
2026-05-27 00:37:19,326 INFO: GOOG: TrailingPE=29.309977, ForwardPE=26.587667
2026-05-27 00:37:19,816 INFO: MO: TrailingPE=15.108561, ForwardPE=12.334211
2026-05-27 00:37:20,350 INFO: AMZN: TrailingPE=31.507126, ForwardPE=26.907345
2026-05-27 00:37:20,847 INFO: AMCR: TrailingPE=31.411291, ForwardPE=9.0844
2026-05-27 00:37:21,409 INFO: AEE: TrailingPE=19.969425, ForwardPE=19.127207
2026-05-27 00:37:21,999 INFO: AEP: TrailingPE=19.363903, ForwardPE=19.088531
2026-05-27 00:37:22,494 INFO: AXP: TrailingPE=19.383656, ForwardPE=15.439718
2026-05-27 00:37:23,043 INFO: AIG: TrailingPE=13.589789, ForwardPE=8.678787
2026-05-27 00:37:23,687 INFO: AMT: TrailingPE=29.830647, ForwardPE=26.780596
2026-05-27 00:37:24,223 INFO: AWK: TrailingPE=21.998222, ForwardPE=18.865969
2026-05-27 00:37:24,737 INFO: AMP: TrailingPE=11.35344, ForwardPE=9.561138
2026-05-27 00:37:25,283 INFO: AME: TrailingPE=34.65861, ForwardPE=26.039171
2026-05-27 00:37:25,810 INFO: AMGN: TrailingPE=23.345379, ForwardPE=14.309263
2026-05-27 00:37:26,314 INFO: APH: TrailingPE=39.988537, ForwardPE=24.799158
2026-05-27 00:37:26,803 INFO: ADI: TrailingPE=62.5842, ForwardPE=28.425549
2026-05-27 00:37:27,295 INFO: AON: TrailingPE=17.52415, ForwardPE=14.906427
2026-05-27 00:37:27,822 INFO: APA: TrailingPE=8.741259, ForwardPE=8.880364
2026-05-27 00:37:28,319 INFO: APO: TrailingPE=81.70441, ForwardPE=12.242079
2026-05-27 00:37:28,822 INFO: AAPL: TrailingPE=37.373333, ForwardPE=32.091232
2026-05-27 00:37:29,382 INFO: AMAT: TrailingPE=42.79304, ForwardPE=28.209322
2026-05-27 00:37:30,070 INFO: APP: TrailingPE=44.67767, ForwardPE=23.45307
2026-05-27 00:37:30,553 INFO: APTV: TrailingPE=34.976192, ForwardPE=8.64152
2026-05-27 00:37:31,068 INFO: ACGL: TrailingPE=7.336154, ForwardPE=9.631884
2026-05-27 00:37:31,692 INFO: ADM: TrailingPE=34.825893, ForwardPE=15.0259075
2026-05-27 00:37:32,196 INFO: ARES: TrailingPE=57.999996, ForwardPE=17.113842
2026-05-27 00:37:32,716 INFO: ANET: TrailingPE=54.298965, ForwardPE=35.511612
2026-05-27 00:37:33,202 INFO: AJG: TrailingPE=33.00324, ForwardPE=13.73456
2026-05-27 00:37:33,716 INFO: AIZ: TrailingPE=13.115267, ForwardPE=11.394028
2026-05-27 00:37:34,211 INFO: T: TrailingPE=8.230264, ForwardPE=9.799544
2026-05-27 00:37:34,751 INFO: ATO: TrailingPE=21.85978, ForwardPE=19.903015
2026-05-27 00:37:35,241 INFO: ADSK: TrailingPE=45.550667, ForwardPE=16.88127
2026-05-27 00:37:35,738 INFO: ADP: TrailingPE=20.368471, ForwardPE=17.90717
2026-05-27 00:37:36,229 INFO: AZO: TrailingPE=21.720102, ForwardPE=17.736324
2026-05-27 00:37:36,730 INFO: AVB: TrailingPE=22.907179, ForwardPE=37.992275
2026-05-27 00:37:37,250 INFO: AVY: TrailingPE=17.995495, ForwardPE=14.311187
2026-05-27 00:37:37,763 INFO: AXON: TrailingPE=155.9919, ForwardPE=36.440636
2026-05-27 00:37:38,316 INFO: BKR: TrailingPE=21.319489, ForwardPE=23.979275
2026-05-27 00:37:38,930 INFO: BALL: TrailingPE=16.48688, ForwardPE=12.510951
2026-05-27 00:37:39,628 INFO: BAC: TrailingPE=12.952853, ForwardPE=10.337739
2026-05-27 00:37:40,151 INFO: BAX: TrailingPE=None, ForwardPE=9.635942
2026-05-27 00:37:40,652 INFO: BDX: TrailingPE=25.78534, ForwardPE=10.989012
2026-05-27 00:37:41,153 INFO: BRK.B: TrailingPE=None, ForwardPE=None
2026-05-27 00:37:41,721 INFO: BBY: TrailingPE=12.543652, ForwardPE=9.033584
2026-05-27 00:37:42,220 INFO: TECH: TrailingPE=68.52857, ForwardPE=23.238691
2026-05-27 00:37:42,713 INFO: BIIB: TrailingPE=20.76129, ForwardPE=11.635594
2026-05-27 00:37:43,286 INFO: BLK: TrailingPE=27.138538, ForwardPE=17.76562
2026-05-27 00:37:43,810 INFO: BX: TrailingPE=30.28718, ForwardPE=15.67597
2026-05-27 00:37:44,353 INFO: XYZ: TrailingPE=54.039062, ForwardPE=13.924145
2026-05-27 00:37:44,864 INFO: BNY: TrailingPE=17.5, ForwardPE=14.592385
2026-05-27 00:37:45,363 INFO: BA: TrailingPE=86.1811, ForwardPE=52.350513
2026-05-27 00:37:45,867 INFO: BKNG: TrailingPE=21.515152, ForwardPE=13.272053
2026-05-27 00:37:46,359 INFO: BSX: TrailingPE=24.117153, ForwardPE=15.316263
2026-05-27 00:37:46,883 INFO: BMY: TrailingPE=16.254902, ForwardPE=9.40444
2026-05-27 00:37:47,557 INFO: AVGO: TrailingPE=82.10312, ForwardPE=23.112387
2026-05-27 00:37:48,075 INFO: BR: TrailingPE=15.716577, ForwardPE=14.121145
2026-05-27 00:37:48,759 INFO: BRO: TrailingPE=18.563519, ForwardPE=11.715057
2026-05-27 00:37:49,285 INFO: BF.B: TrailingPE=None, ForwardPE=None
2026-05-27 00:37:49,793 INFO: BLDR: TrailingPE=28.400766, ForwardPE=12.65515
2026-05-27 00:37:50,297 INFO: BG: TrailingPE=31.605263, ForwardPE=11.032529
2026-05-27 00:37:50,779 INFO: BXP: TrailingPE=30.457287, ForwardPE=28.519802
2026-05-27 00:37:51,262 INFO: CHRW: TrailingPE=35.941418, ForwardPE=24.240566
2026-05-27 00:37:51,788 INFO: CDNS: TrailingPE=88.77907, ForwardPE=40.695343
2026-05-27 00:37:52,314 INFO: CPT: TrailingPE=30.094973, ForwardPE=88.0754
2026-05-27 00:37:52,855 INFO: CPB: TrailingPE=10.940217, ForwardPE=9.348789
2026-05-27 00:37:53,516 INFO: COF: TrailingPE=57.36, ForwardPE=7.7106214
2026-05-27 00:37:54,104 INFO: CAH: TrailingPE=30.637613, ForwardPE=16.728935
2026-05-27 00:37:54,821 INFO: CCL: TrailingPE=11.76652, ForwardPE=10.273353
2026-05-27 00:37:55,317 INFO: CARR: TrailingPE=43.26, ForwardPE=20.263433
2026-05-27 00:37:55,828 INFO: CVNA: TrailingPE=40.549133, ForwardPE=33.219364
2026-05-27 00:37:56,360 INFO: CASY: TrailingPE=46.491096, ForwardPE=40.06641
2026-05-27 00:37:56,897 INFO: CAT: TrailingPE=45.291626, ForwardPE=30.475042
2026-05-27 00:37:57,417 INFO: CBOE: TrailingPE=30.246586, ForwardPE=24.60851
2026-05-27 00:37:58,135 INFO: CBRE: TrailingPE=29.625568, ForwardPE=14.654347
2026-05-27 00:37:58,658 INFO: CDW: TrailingPE=13.226552, ForwardPE=9.490988
2026-05-27 00:37:59,209 INFO: COR: TrailingPE=20.733538, ForwardPE=13.6924095
2026-05-27 00:37:59,706 INFO: CNC: TrailingPE=None, ForwardPE=12.841087
2026-05-27 00:38:00,199 INFO: CNP: TrailingPE=26.337423, ForwardPE=20.620192
2026-05-27 00:38:00,753 INFO: CF: TrailingPE=10.735135, ForwardPE=11.350572
2026-05-27 00:38:01,302 INFO: CRL: TrailingPE=None, ForwardPE=12.732297
2026-05-27 00:38:01,869 INFO: SCHW: TrailingPE=17.77336, ForwardPE=12.384108
2026-05-27 00:38:02,387 INFO: CHTR: TrailingPE=3.896104, ForwardPE=3.2566617
2026-05-27 00:38:02,886 INFO: CVX: TrailingPE=32.179443, ForwardPE=14.995641
2026-05-27 00:38:03,406 INFO: CMG: TrailingPE=29.642202, ForwardPE=23.80251
2026-05-27 00:38:03,949 INFO: CB: TrailingPE=11.516277, ForwardPE=11.124838
2026-05-27 00:38:04,457 INFO: CHD: TrailingPE=31.799341, ForwardPE=24.10675
2026-05-27 00:38:05,176 INFO: CIEN: TrailingPE=381.2595, ForwardPE=68.73444
2026-05-27 00:38:05,662 INFO: CI: TrailingPE=2.4694862, ForwardPE=8.385395
2026-05-27 00:38:06,163 INFO: CINF: TrailingPE=9.556064, ForwardPE=18.190174
2026-05-27 00:38:06,680 INFO: CTAS: TrailingPE=36.094936, ForwardPE=31.525646
2026-05-27 00:38:07,193 INFO: CSCO: TrailingPE=39.443333, ForwardPE=24.816181
2026-05-27 00:38:07,759 INFO: C: TrailingPE=15.6810875, ForwardPE=10.125067
2026-05-27 00:38:08,248 INFO: CFG: TrailingPE=15.082939, ForwardPE=9.925292
2026-05-27 00:38:08,768 INFO: CLX: TrailingPE=15.647155, ForwardPE=15.286833
2026-05-27 00:38:09,315 INFO: CME: TrailingPE=24.128096, ForwardPE=21.893755
2026-05-27 00:38:09,809 INFO: CMS: TrailingPE=20.554016, ForwardPE=17.783957
2026-05-27 00:38:10,362 INFO: KO: TrailingPE=25.301886, ForwardPE=23.096598
2026-05-27 00:38:10,909 INFO: CTSH: TrailingPE=11.238611, ForwardPE=8.410482
2026-05-27 00:38:11,472 INFO: COHR: TrailingPE=180.7346, ForwardPE=47.10537
2026-05-27 00:38:11,973 INFO: COIN: TrailingPE=66.180145, ForwardPE=36.331745
2026-05-27 00:38:12,465 INFO: CL: TrailingPE=34.82558, ForwardPE=22.2341
2026-05-27 00:38:12,991 INFO: CMCSA: TrailingPE=4.9313726, ForwardPE=6.597154
2026-05-27 00:38:13,579 INFO: FIX: TrailingPE=54.516933, ForwardPE=35.95504
2026-05-27 00:38:14,106 INFO: CAG: TrailingPE=None, ForwardPE=7.81575
2026-05-27 00:38:14,606 INFO: COP: TrailingPE=19.757627, ForwardPE=12.736522
2026-05-27 00:38:15,134 INFO: ED: TrailingPE=18.161888, ForwardPE=16.596218
2026-05-27 00:38:15,806 INFO: STZ: TrailingPE=15.363164, ForwardPE=11.845039
2026-05-27 00:38:16,495 INFO: CEG: TrailingPE=26.223478, ForwardPE=22.188557
2026-05-27 00:38:17,004 INFO: COO: TrailingPE=30.860697, ForwardPE=12.355441
2026-05-27 00:38:17,486 INFO: CPRT: TrailingPE=20.90566, ForwardPE=19.571592
2026-05-27 00:38:17,993 INFO: GLW: TrailingPE=94.3125, ForwardPE=46.44572
2026-05-27 00:38:18,496 INFO: CPAY: TrailingPE=20.934729, ForwardPE=11.422909
2026-05-27 00:38:19,029 INFO: CTVA: TrailingPE=42.75135, ForwardPE=19.276844
2026-05-27 00:38:19,532 INFO: CSGP: TrailingPE=464.57144, ForwardPE=18.082237
2026-05-27 00:38:20,082 INFO: COST: TrailingPE=52.154446, ForwardPE=44.48534
2026-05-27 00:38:20,637 INFO: CRH: TrailingPE=18.944342, ForwardPE=15.280712
2026-05-27 00:38:21,195 INFO: CRWD: TrailingPE=None, ForwardPE=109.03945
2026-05-27 00:38:21,704 INFO: CCI: TrailingPE=38.244728, ForwardPE=30.607662
2026-05-27 00:38:22,246 INFO: CSX: TrailingPE=28.595093, ForwardPE=21.547977
2026-05-27 00:38:22,754 INFO: CMI: TrailingPE=34.74026, ForwardPE=20.028645
2026-05-27 00:38:23,246 INFO: CVS: TrailingPE=39.79386, ForwardPE=10.849186
2026-05-27 00:38:23,779 INFO: DHR: TrailingPE=33.49031, ForwardPE=19.000864
2026-05-27 00:38:24,308 INFO: DRI: TrailingPE=21.501057, ForwardPE=17.92385
2026-05-27 00:38:24,802 INFO: DDOG: TrailingPE=559.125, ForwardPE=78.6221
2026-05-27 00:38:25,300 INFO: DVA: TrailingPE=18.841042, ForwardPE=11.382472
2026-05-27 00:38:25,826 INFO: DECK: TrailingPE=15.874644, ForwardPE=13.408542
2026-05-27 00:38:26,312 INFO: DE: TrailingPE=29.944538, ForwardPE=23.104214
2026-05-27 00:38:26,802 INFO: DELL: TrailingPE=35.14746, ForwardPE=20.416412
2026-05-27 00:38:27,293 INFO: DAL: TrailingPE=11.589781, ForwardPE=9.85429
2026-05-27 00:38:27,807 INFO: DVN: TrailingPE=12.573816, ForwardPE=8.422459
2026-05-27 00:38:28,519 INFO: DXCM: TrailingPE=30.90558, ForwardPE=23.529142
2026-05-27 00:38:29,076 INFO: FANG: TrailingPE=199.11224, ForwardPE=11.356171
2026-05-27 00:38:29,580 INFO: DLR: TrailingPE=51.507977, ForwardPE=67.6189
2026-05-27 00:38:30,064 INFO: DG: TrailingPE=15.125547, ForwardPE=13.02651
2026-05-27 00:38:30,552 INFO: DLTR: TrailingPE=15.77441, ForwardPE=12.722421
2026-05-27 00:38:31,037 INFO: D: TrailingPE=19.846607, ForwardPE=17.64092
2026-05-27 00:38:31,539 INFO: DPZ: TrailingPE=17.860762, ForwardPE=14.814526
2026-05-27 00:38:32,053 INFO: DASH: TrailingPE=72.64151, ForwardPE=19.782547
2026-05-27 00:38:32,552 INFO: DOV: TrailingPE=26.925, ForwardPE=18.605423
2026-05-27 00:38:33,161 INFO: DOW: TrailingPE=None, ForwardPE=16.49338
2026-05-27 00:38:33,710 INFO: DHI: TrailingPE=13.671363, ForwardPE=12.096952
2026-05-27 00:38:34,256 INFO: DTE: TrailingPE=23.825369, ForwardPE=17.316193
2026-05-27 00:38:34,756 INFO: DUK: TrailingPE=19.226154, ForwardPE=17.433895
2026-05-27 00:38:35,278 INFO: DD: TrailingPE=130.1579, ForwardPE=18.89582
2026-05-27 00:38:35,815 INFO: ETN: TrailingPE=39.48384, ForwardPE=25.641663
2026-05-27 00:38:36,317 INFO: EBAY: TrailingPE=26.630486, ForwardPE=17.046698
2026-05-27 00:38:36,824 INFO: SATS: TrailingPE=None, ForwardPE=-1080.0
2026-05-27 00:38:37,332 INFO: ECL: TrailingPE=34.355404, ForwardPE=26.4805
2026-05-27 00:38:37,905 INFO: EIX: TrailingPE=7.7434783, ForwardPE=10.938005
2026-05-27 00:38:38,405 INFO: EW: TrailingPE=47.31892, ForwardPE=26.015556
2026-05-27 00:38:38,905 INFO: EA: TrailingPE=57.139206, ForwardPE=20.614912
2026-05-27 00:38:39,390 INFO: ELV: TrailingPE=16.434322, ForwardPE=13.2609625
2026-05-27 00:38:39,897 INFO: EME: TrailingPE=28.906376, ForwardPE=26.563066
2026-05-27 00:38:40,411 INFO: EMR: TrailingPE=32.631943, ForwardPE=19.70407
2026-05-27 00:38:40,938 INFO: ETR: TrailingPE=28.563776, ForwardPE=22.283564
2026-05-27 00:38:41,445 INFO: EOG: TrailingPE=13.39233, ForwardPE=9.442098
2026-05-27 00:38:42,005 INFO: EPAM: TrailingPE=14.3232765, ForwardPE=7.066955
2026-05-27 00:38:42,561 INFO: EQT: TrailingPE=10.666034, ForwardPE=12.08851
2026-05-27 00:38:43,161 INFO: EFX: TrailingPE=28.663733, ForwardPE=15.843682
2026-05-27 00:38:43,661 INFO: EQIX: TrailingPE=74.47339, ForwardPE=56.05845
2026-05-27 00:38:44,203 INFO: EQR: TrailingPE=26.452, ForwardPE=42.293427
2026-05-27 00:38:44,725 INFO: ERIE: TrailingPE=20.427656, ForwardPE=15.922198
2026-05-27 00:38:45,236 INFO: ESS: TrailingPE=31.221846, ForwardPE=46.853905
2026-05-27 00:38:45,715 INFO: EL: TrailingPE=None, ForwardPE=27.24324
2026-05-27 00:38:46,206 INFO: EG: TrailingPE=7.17332, ForwardPE=5.8119855
2026-05-27 00:38:46,726 INFO: EVRG: TrailingPE=22.36968, ForwardPE=18.477795
2026-05-27 00:38:47,257 INFO: ES: TrailingPE=14.925053, ForwardPE=14.04534
2026-05-27 00:38:47,731 INFO: EXC: TrailingPE=16.860806, ForwardPE=15.154258
2026-05-27 00:38:48,282 INFO: EXE: TrailingPE=7.0349708, ForwardPE=9.736793
2026-05-27 00:38:48,763 INFO: EXPE: TrailingPE=19.679611, ForwardPE=9.653334
2026-05-27 00:38:49,489 INFO: EXPD: TrailingPE=25.919355, ForwardPE=23.555176
2026-05-27 00:38:49,992 INFO: EXR: TrailingPE=32.284756, ForwardPE=30.086422
2026-05-27 00:38:50,485 INFO: XOM: TrailingPE=25.26307, ForwardPE=14.259118
2026-05-27 00:38:51,077 INFO: FFIV: TrailingPE=32.648026, ForwardPE=22.710646
2026-05-27 00:38:51,575 INFO: FDS: TrailingPE=14.859716, ForwardPE=11.891814
2026-05-27 00:38:52,068 INFO: FICO: TrailingPE=40.00921, ForwardPE=23.264042
2026-05-27 00:38:52,627 INFO: FAST: TrailingPE=39.336285, ForwardPE=32.505283
2026-05-27 00:38:53,166 INFO: FRT: TrailingPE=20.824957, ForwardPE=38.87277
2026-05-27 00:38:53,869 INFO: FDX: TrailingPE=21.367521, ForwardPE=17.852776
2026-05-27 00:38:54,366 INFO: FIS: TrailingPE=8.182171, ForwardPE=6.192968
2026-05-27 00:38:55,034 INFO: FITB: TrailingPE=16.77441, ForwardPE=10.138628
2026-05-27 00:38:55,513 INFO: FSLR: TrailingPE=17.449903, ForwardPE=11.5158825
2026-05-27 00:38:56,137 INFO: FE: TrailingPE=25.347826, ForwardPE=15.827015
2026-05-27 00:38:56,632 INFO: FISV: TrailingPE=9.425424, ForwardPE=6.208344
2026-05-27 00:38:57,128 INFO: F: TrailingPE=None, ForwardPE=8.374926
2026-05-27 00:38:57,633 INFO: FTNT: TrailingPE=51.922485, ForwardPE=39.10887
2026-05-27 00:38:58,123 INFO: FTV: TrailingPE=35.482353, ForwardPE=18.755869
2026-05-27 00:38:58,659 INFO: FOXA: TrailingPE=17.094736, ForwardPE=11.434002
2026-05-27 00:38:59,179 INFO: FOX: TrailingPE=15.284211, ForwardPE=11.013913
2026-05-27 00:38:59,674 INFO: BEN: TrailingPE=24.175573, ForwardPE=10.7148905
2026-05-27 00:39:00,169 INFO: FCX: TrailingPE=34.05291, ForwardPE=17.262236
2026-05-27 00:39:00,700 INFO: GRMN: TrailingPE=26.651398, ForwardPE=23.104528
2026-05-27 00:39:01,186 INFO: IT: TrailingPE=15.617211, ForwardPE=10.29494
2026-05-27 00:39:01,702 INFO: GE: TrailingPE=39.01861, ForwardPE=36.243843
2026-05-27 00:39:02,250 INFO: GEHC: TrailingPE=15.390887, ForwardPE=11.969593
2026-05-27 00:39:02,744 INFO: GEV: TrailingPE=31.327774, ForwardPE=43.671993
2026-05-27 00:39:03,273 INFO: GEN: TrailingPE=15.7707, ForwardPE=7.5332775
2026-05-27 00:39:03,862 INFO: GNRC: TrailingPE=86.150475, ForwardPE=24.771727
2026-05-27 00:39:04,395 INFO: GD: TrailingPE=21.702772, ForwardPE=18.9927
2026-05-27 00:39:04,927 INFO: GIS: TrailingPE=8.107579, ForwardPE=10.171654
2026-05-27 00:39:05,412 INFO: GM: TrailingPE=29.120438, ForwardPE=5.682793
2026-05-27 00:39:06,001 INFO: GPC: TrailingPE=220.56819, ForwardPE=11.590717
2026-05-27 00:39:06,562 INFO: GILD: TrailingPE=18.194557, ForwardPE=13.945083
2026-05-27 00:39:07,144 INFO: GPN: TrailingPE=26.941175, ForwardPE=4.507414
2026-05-27 00:39:07,672 INFO: GL: TrailingPE=10.840249, ForwardPE=9.414635
2026-05-27 00:39:08,179 INFO: GDDY: TrailingPE=14.103011, ForwardPE=8.260213
2026-05-27 00:39:08,664 INFO: GS: TrailingPE=18.174707, ForwardPE=15.209428
2026-05-27 00:39:09,157 INFO: HAL: TrailingPE=22.696135, ForwardPE=14.148685
2026-05-27 00:39:09,653 INFO: HIG: TrailingPE=9.525686, ForwardPE=9.391196
2026-05-27 00:39:10,169 INFO: HAS: TrailingPE=None, ForwardPE=13.719711
2026-05-27 00:39:10,680 INFO: HCA: TrailingPE=13.513085, ForwardPE=11.8419695
2026-05-27 00:39:11,188 INFO: DOC: TrailingPE=62.593754, ForwardPE=148.37038
2026-05-27 00:39:11,678 INFO: HSIC: TrailingPE=22.326284, ForwardPE=12.508421
2026-05-27 00:39:12,204 INFO: HSY: TrailingPE=35.524162, ForwardPE=19.30661
2026-05-27 00:39:12,703 INFO: HPE: TrailingPE=None, ForwardPE=13.929759
2026-05-27 00:39:13,223 INFO: HLT: TrailingPE=49.436638, ForwardPE=31.08951
2026-05-27 00:39:13,709 INFO: HD: TrailingPE=22.039745, ForwardPE=19.28075
2026-05-27 00:39:14,320 INFO: HON: TrailingPE=36.95694, ForwardPE=20.221977
2026-05-27 00:39:14,900 INFO: HRL: TrailingPE=23.47191, ForwardPE=13.389824
2026-05-27 00:39:15,411 INFO: HST: TrailingPE=15.721088, ForwardPE=23.11
2026-05-27 00:39:15,909 INFO: HWM: TrailingPE=60.763344, ForwardPE=43.71544
2026-05-27 00:39:16,420 INFO: HPQ: TrailingPE=9.253788, ForwardPE=8.207931
2026-05-27 00:39:16,938 INFO: HUBB: TrailingPE=28.270254, ForwardPE=21.9508
2026-05-27 00:39:17,429 INFO: HUM: TrailingPE=32.23184, ForwardPE=19.489132
2026-05-27 00:39:17,920 INFO: HBAN: TrailingPE=12.353847, ForwardPE=8.43514
2026-05-27 00:39:18,444 INFO: HII: TrailingPE=20.854452, ForwardPE=15.721986
2026-05-27 00:39:18,954 INFO: IBM: TrailingPE=22.184956, ForwardPE=18.632164
2026-05-27 00:39:19,438 INFO: IEX: TrailingPE=31.232248, ForwardPE=22.882257
2026-05-27 00:39:19,921 INFO: IDXX: TrailingPE=41.001472, ForwardPE=33.737732
2026-05-27 00:39:20,452 INFO: ITW: TrailingPE=23.250696, ForwardPE=20.573893
2026-05-27 00:39:20,955 INFO: INCY: TrailingPE=13.714689, ForwardPE=10.708492
2026-05-27 00:39:21,460 INFO: IR: TrailingPE=48.93919, ForwardPE=18.832554
2026-05-27 00:39:21,961 INFO: PODD: TrailingPE=36.018738, ForwardPE=19.084846
2026-05-27 00:39:22,459 INFO: INTC: TrailingPE=None, ForwardPE=80.222374
2026-05-27 00:39:23,009 INFO: IBKR: TrailingPE=35.575108, ForwardPE=29.026972
2026-05-27 00:39:23,554 INFO: ICE: TrailingPE=21.92722, ForwardPE=17.149656
2026-05-27 00:39:24,154 INFO: IFF: TrailingPE=23.489164, ForwardPE=15.784678
2026-05-27 00:39:24,649 INFO: IP: TrailingPE=None, ForwardPE=11.936463
2026-05-27 00:39:25,190 INFO: INTU: TrailingPE=18.580587, ForwardPE=11.170997
2026-05-27 00:39:25,662 INFO: ISRG: TrailingPE=52.990295, ForwardPE=37.037163
2026-05-27 00:39:26,219 INFO: IVZ: TrailingPE=None, ForwardPE=9.321538
2026-05-27 00:39:26,709 INFO: INVH: TrailingPE=30.947369, ForwardPE=44.26111
2026-05-27 00:39:27,214 INFO: IQV: TrailingPE=20.149254, ForwardPE=11.417955
2026-05-27 00:39:27,773 INFO: IRM: TrailingPE=139.5652, ForwardPE=48.023155
2026-05-27 00:39:28,273 INFO: JBHT: TrailingPE=41.557453, ForwardPE=29.46435
2026-05-27 00:39:28,766 INFO: JBL: TrailingPE=51.177658, ForwardPE=26.061176
2026-05-27 00:39:29,266 INFO: JKHY: TrailingPE=19.184359, ForwardPE=19.423077
2026-05-27 00:39:29,748 INFO: J: TrailingPE=34.174038, ForwardPE=14.002065
2026-05-27 00:39:30,238 INFO: JNJ: TrailingPE=26.703016, ForwardPE=18.110092
2026-05-27 00:39:30,742 INFO: JCI: TrailingPE=42.880733, ForwardPE=24.586025
2026-05-27 00:39:31,253 INFO: JPM: TrailingPE=14.676555, ForwardPE=13.02409
2026-05-27 00:39:31,732 INFO: KVUE: TrailingPE=20.821428, ForwardPE=14.208076
2026-05-27 00:39:32,264 INFO: KDP: TrailingPE=21.888887, ForwardPE=11.705426
2026-05-27 00:39:32,772 INFO: KEY: TrailingPE=13.355828, ForwardPE=10.096981
2026-05-27 00:39:33,271 INFO: KEYS: TrailingPE=57.37742, ForwardPE=30.004148
2026-05-27 00:39:33,777 INFO: KMB: TrailingPE=19.104448, ForwardPE=13.035863
2026-05-27 00:39:34,258 INFO: KIM: TrailingPE=28.206898, ForwardPE=28.701756
2026-05-27 00:39:34,811 INFO: KMI: TrailingPE=22.060402, ForwardPE=21.505445
2026-05-27 00:39:35,334 INFO: KKR: TrailingPE=32.30952, ForwardPE=12.844784
2026-05-27 00:39:35,819 INFO: KLAC: TrailingPE=56.96375, ForwardPE=40.344986
2026-05-27 00:39:36,297 INFO: KHC: TrailingPE=None, ForwardPE=11.313721
2026-05-27 00:39:36,894 INFO: KR: TrailingPE=41.91559, ForwardPE=11.474169
2026-05-27 00:39:37,390 INFO: LHX: TrailingPE=34.072826, ForwardPE=22.993742
2026-05-27 00:39:37,886 INFO: LH: TrailingPE=22.912235, ForwardPE=13.293318
2026-05-27 00:39:38,415 INFO: LRCX: TrailingPE=61.113632, ForwardPE=40.68376
2026-05-27 00:39:38,924 INFO: LVS: TrailingPE=18.357933, ForwardPE=13.521741
2026-05-27 00:39:39,419 INFO: LDOS: TrailingPE=11.721866, ForwardPE=9.7094145
2026-05-27 00:39:39,915 INFO: LEN: TrailingPE=12.847483, ForwardPE=11.764287
2026-05-27 00:39:40,432 INFO: LII: TrailingPE=22.345932, ForwardPE=18.818813
2026-05-27 00:39:40,976 INFO: LLY: TrailingPE=37.86415, ForwardPE=23.942705
2026-05-27 00:39:41,466 INFO: LIN: TrailingPE=34.194553, ForwardPE=26.127346
2026-05-27 00:39:42,050 INFO: LYV: TrailingPE=None, ForwardPE=77.49117
2026-05-27 00:39:42,637 INFO: LMT: TrailingPE=25.8188, ForwardPE=16.6064
2026-05-27 00:39:43,124 INFO: L: TrailingPE=13.879134, ForwardPE=37.617237
2026-05-27 00:39:43,681 INFO: LOW: TrailingPE=17.927303, ForwardPE=15.7408085
2026-05-27 00:39:44,165 INFO: LULU: TrailingPE=9.604073, ForwardPE=9.650345
2026-05-27 00:39:44,678 INFO: LITE: TrailingPE=160.35388, ForwardPE=50.319134
2026-05-27 00:39:45,169 INFO: LYB: TrailingPE=None, ForwardPE=9.120935
2026-05-27 00:39:45,820 INFO: MTB: TrailingPE=12.091574, ForwardPE=10.317982
2026-05-27 00:39:46,374 INFO: MPC: TrailingPE=16.319078, ForwardPE=11.03796
2026-05-27 00:39:46,866 INFO: MAR: TrailingPE=39.101463, ForwardPE=28.565468
2026-05-27 00:39:47,433 INFO: MRSH: TrailingPE=20.27159, ForwardPE=14.31068
2026-05-27 00:39:47,935 INFO: MLM: TrailingPE=35.212177, ForwardPE=24.351774
2026-05-27 00:39:48,538 INFO: MAS: TrailingPE=17.054457, ForwardPE=14.648449
2026-05-27 00:39:49,021 INFO: MA: TrailingPE=28.49769, ForwardPE=21.656939
2026-05-27 00:39:49,511 INFO: MKC: TrailingPE=7.67541, ForwardPE=13.988354
2026-05-27 00:39:50,036 INFO: MCD: TrailingPE=23.003296, ForwardPE=19.639326
2026-05-27 00:39:50,537 INFO: MCK: TrailingPE=19.65607, ForwardPE=14.990976
2026-05-27 00:39:51,053 INFO: MDT: TrailingPE=21.675978, ForwardPE=12.807521
2026-05-27 00:39:51,557 INFO: MRK: TrailingPE=33.723946, ForwardPE=12.557586
2026-05-27 00:39:52,048 INFO: META: TrailingPE=22.250727, ForwardPE=17.006153
2026-05-27 00:39:52,527 INFO: MET: TrailingPE=16.106382, ForwardPE=7.573835
2026-05-27 00:39:53,088 INFO: MTD: TrailingPE=25.864958, ForwardPE=21.477785
2026-05-27 00:39:53,586 INFO: MGM: TrailingPE=52.671234, ForwardPE=17.2598
2026-05-27 00:39:54,073 INFO: MCHP: TrailingPE=445.68182, ForwardPE=23.965607
2026-05-27 00:39:54,572 INFO: MU: TrailingPE=42.298393, ForwardPE=8.616474
2026-05-27 00:39:55,128 INFO: MSFT: TrailingPE=24.793205, ForwardPE=21.5139
2026-05-27 00:39:55,624 INFO: MAA: TrailingPE=39.557575, ForwardPE=33.55784
2026-05-27 00:39:56,113 INFO: MRNA: TrailingPE=None, ForwardPE=-11.186379
2026-05-27 00:39:56,630 INFO: TAP: TrailingPE=None, ForwardPE=8.221729
2026-05-27 00:39:57,146 INFO: MDLZ: TrailingPE=30.316833, ForwardPE=18.066868
2026-05-27 00:39:57,640 INFO: MPWR: TrailingPE=118.869194, ForwardPE=55.14068
2026-05-27 00:39:58,143 INFO: MNST: TrailingPE=42.231884, ForwardPE=33.831398
2026-05-27 00:39:58,644 INFO: MCO: TrailingPE=32.40661, ForwardPE=24.257227
2026-05-27 00:39:59,172 INFO: MS: TrailingPE=18.275362, ForwardPE=15.886938
2026-05-27 00:39:59,663 INFO: MOS: TrailingPE=161.57143, ForwardPE=11.547887
2026-05-27 00:40:00,173 INFO: MSI: TrailingPE=33.076553, ForwardPE=22.196758
2026-05-27 00:40:00,810 INFO: MSCI: TrailingPE=33.55302, ForwardPE=26.209528
2026-05-27 00:40:01,352 INFO: NDAQ: TrailingPE=27.373493, ForwardPE=20.520462
2026-05-27 00:40:01,850 INFO: NTAP: TrailingPE=23.313757, ForwardPE=16.284985
2026-05-27 00:40:02,457 INFO: NFLX: TrailingPE=28.283873, ForwardPE=22.81628
2026-05-27 00:40:02,957 INFO: NEM: TrailingPE=14.476006, ForwardPE=9.756051
2026-05-27 00:40:03,478 INFO: NWSA: TrailingPE=33.16456, ForwardPE=20.300007
2026-05-27 00:40:03,969 INFO: NWS: TrailingPE=37.911392, ForwardPE=23.205542
2026-05-27 00:40:04,462 INFO: NEE: TrailingPE=22.246193, ForwardPE=19.955057
2026-05-27 00:40:04,947 INFO: NKE: TrailingPE=29.565788, ForwardPE=24.626547
2026-05-27 00:40:05,476 INFO: NI: TrailingPE=23.781094, ForwardPE=21.322721
2026-05-27 00:40:05,964 INFO: NDSN: TrailingPE=30.751068, ForwardPE=23.237112
2026-05-27 00:40:06,547 INFO: NSC: TrailingPE=27.0, ForwardPE=23.68428
2026-05-27 00:40:07,225 INFO: NTRS: TrailingPE=17.794764, ForwardPE=14.315873
2026-05-27 00:40:07,709 INFO: NOC: TrailingPE=17.460018, ForwardPE=18.4645
2026-05-27 00:40:08,213 INFO: NCLH: TrailingPE=13.790323, ForwardPE=8.476845
2026-05-27 00:40:08,701 INFO: NRG: TrailingPE=154.31866, ForwardPE=12.304184
2026-05-27 00:40:09,187 INFO: NUE: TrailingPE=23.861967, ForwardPE=15.223045
2026-05-27 00:40:09,673 INFO: NVDA: TrailingPE=32.953987, ForwardPE=16.990715
2026-05-27 00:40:10,176 INFO: NVR: TrailingPE=14.738999, ForwardPE=14.36967
2026-05-27 00:40:10,677 INFO: NXPI: TrailingPE=31.743322, ForwardPE=18.870913
2026-05-27 00:40:11,403 INFO: ORLY: TrailingPE=29.273617, ForwardPE=24.86058
2026-05-27 00:40:11,950 INFO: OXY: TrailingPE=77.64864, ForwardPE=15.895322
2026-05-27 00:40:12,430 INFO: ODFL: TrailingPE=45.127083, ForwardPE=34.997665
2026-05-27 00:40:13,001 INFO: OMC: TrailingPE=None, ForwardPE=5.98396
2026-05-27 00:40:13,504 INFO: ON: TrailingPE=93.382355, ForwardPE=29.875536
2026-05-27 00:40:13,995 INFO: OKE: TrailingPE=16.121212, ForwardPE=14.633073
2026-05-27 00:40:14,495 INFO: ORCL: TrailingPE=34.66068, ForwardPE=24.034828
2026-05-27 00:40:15,044 INFO: OTIS: TrailingPE=19.343086, ForwardPE=15.415463
2026-05-27 00:40:15,567 INFO: PCAR: TrailingPE=23.831917, ForwardPE=16.53643
2026-05-27 00:40:16,058 INFO: PKG: TrailingPE=26.545567, ForwardPE=17.869427
2026-05-27 00:40:16,549 INFO: PLTR: TrailingPE=153.48315, ForwardPE=65.85418
2026-05-27 00:40:17,103 INFO: PANW: TrailingPE=142.63889, ForwardPE=64.51151
2026-05-27 00:40:17,665 INFO: PSKY: TrailingPE=345.66666, ForwardPE=11.936965
2026-05-27 00:40:18,236 INFO: PH: TrailingPE=31.983421, ForwardPE=25.509407
2026-05-27 00:40:18,738 INFO: PAYX: TrailingPE=20.927153, ForwardPE=16.091635
2026-05-27 00:40:19,224 INFO: PYPL: TrailingPE=8.285178, ForwardPE=7.64441
2026-05-27 00:40:19,735 INFO: PNR: TrailingPE=18.477386, ForwardPE=12.656158
2026-05-27 00:40:20,224 INFO: PEP: TrailingPE=22.869701, ForwardPE=15.925732
2026-05-27 00:40:20,703 INFO: PFE: TrailingPE=19.732826, ForwardPE=9.111352
2026-05-27 00:40:21,240 INFO: PCG: TrailingPE=12.7286825, ForwardPE=9.109418
2026-05-27 00:40:21,765 INFO: PM: TrailingPE=25.531645, ForwardPE=19.873531
2026-05-27 00:40:22,364 INFO: PSX: TrailingPE=17.164858, ForwardPE=10.516301
2026-05-27 00:40:22,907 INFO: PNW: TrailingPE=19.184702, ForwardPE=18.433172
2026-05-27 00:40:23,410 INFO: PNC: TrailingPE=12.830332, ForwardPE=10.499223
2026-05-27 00:40:23,983 INFO: POOL: TrailingPE=16.76011, ForwardPE=15.148444
2026-05-27 00:40:24,546 INFO: PPG: TrailingPE=15.69341, ForwardPE=12.645778
2026-05-27 00:40:25,041 INFO: PPL: TrailingPE=22.159508, ForwardPE=17.062847
2026-05-27 00:40:25,534 INFO: PFG: TrailingPE=15.022956, ForwardPE=10.253844
2026-05-27 00:40:26,035 INFO: PG: TrailingPE=20.870073, ForwardPE=20.162958
2026-05-27 00:40:26,531 INFO: PGR: TrailingPE=10.116031, ForwardPE=12.267644
2026-05-27 00:40:27,214 INFO: PLD: TrailingPE=36.919598, ForwardPE=43.24461
2026-05-27 00:40:27,768 INFO: PRU: TrailingPE=10.568486, ForwardPE=7.01237
2026-05-27 00:40:28,325 INFO: PEG: TrailingPE=17.714602, ForwardPE=17.047087
2026-05-27 00:40:28,815 INFO: PTC: TrailingPE=13.917388, ForwardPE=16.768053
2026-05-27 00:40:29,322 INFO: PSA: TrailingPE=31.453512, ForwardPE=30.117277
2026-05-27 00:40:29,814 INFO: PHM: TrailingPE=11.396518, ForwardPE=10.531838
2026-05-27 00:40:30,305 INFO: PWR: TrailingPE=101.52941, ForwardPE=45.121162
2026-05-27 00:40:30,840 INFO: QCOM: TrailingPE=26.78364, ForwardPE=23.393759
2026-05-27 00:40:31,327 INFO: DGX: TrailingPE=21.289183, ForwardPE=16.526857
2026-05-27 00:40:31,814 INFO: Q: TrailingPE=52.916405, ForwardPE=34.59228
2026-05-27 00:40:32,316 INFO: RL: TrailingPE=25.266712, ForwardPE=18.739067
2026-05-27 00:40:32,808 INFO: RJF: TrailingPE=14.365439, ForwardPE=11.366422
2026-05-27 00:40:33,307 INFO: RTX: TrailingPE=33.57786, ForwardPE=23.669397
2026-05-27 00:40:33,789 INFO: O: TrailingPE=51.188522, ForwardPE=36.280087
2026-05-27 00:40:34,342 INFO: REG: TrailingPE=27.14433, ForwardPE=31.17464
2026-05-27 00:40:34,839 INFO: REGN: TrailingPE=15.497436, ForwardPE=11.802651
2026-05-27 00:40:35,342 INFO: RF: TrailingPE=11.721992, ForwardPE=9.894852
2026-05-27 00:40:35,828 INFO: RSG: TrailingPE=29.663324, ForwardPE=25.687695
2026-05-27 00:40:36,317 INFO: RMD: TrailingPE=20.07529, ForwardPE=17.050797
2026-05-27 00:40:36,912 INFO: RVTY: TrailingPE=46.552887, ForwardPE=16.663683
2026-05-27 00:40:37,402 INFO: HOOD: TrailingPE=35.96602, ForwardPE=27.108013
2026-05-27 00:40:37,883 INFO: ROK: TrailingPE=47.383175, ForwardPE=31.441923
2026-05-27 00:40:38,406 INFO: ROL: TrailingPE=48.77064, ForwardPE=38.03364
2026-05-27 00:40:38,908 INFO: ROP: TrailingPE=19.993757, ForwardPE=13.404365
2026-05-27 00:40:39,401 INFO: ROST: TrailingPE=32.776535, ForwardPE=27.400072
2026-05-27 00:40:39,896 INFO: RCL: TrailingPE=16.33374, ForwardPE=13.381365
2026-05-27 00:40:40,373 INFO: SPGI: TrailingPE=26.056854, ForwardPE=18.576515
2026-05-27 00:40:40,882 INFO: CRM: TrailingPE=22.958975, ForwardPE=11.963926
2026-05-27 00:40:41,373 INFO: SNDK: TrailingPE=54.28791, ForwardPE=9.0636835
2026-05-27 00:40:41,870 INFO: SBAC: TrailingPE=21.234735, ForwardPE=24.888927
2026-05-27 00:40:42,378 INFO: SLB: TrailingPE=25.541851, ForwardPE=17.299717
2026-05-27 00:40:42,918 INFO: STX: TrailingPE=80.01514, ForwardPE=32.300163
2026-05-27 00:40:43,450 INFO: SRE: TrailingPE=31.139456, ForwardPE=16.534105
2026-05-27 00:40:44,026 INFO: NOW: TrailingPE=59.832336, ForwardPE=19.880857
2026-05-27 00:40:44,517 INFO: SHW: TrailingPE=29.870441, ForwardPE=23.45898
2026-05-27 00:40:44,993 INFO: SPG: TrailingPE=14.400835, ForwardPE=30.056644
2026-05-27 00:40:45,490 INFO: SWKS: TrailingPE=34.75833, ForwardPE=16.21068
2026-05-27 00:40:45,989 INFO: SJM: TrailingPE=None, ForwardPE=10.335396
2026-05-27 00:40:46,479 INFO: SW: TrailingPE=54.444443, ForwardPE=12.393964
2026-05-27 00:40:46,956 INFO: SNA: TrailingPE=19.220041, ForwardPE=17.473585
2026-05-27 00:40:47,437 INFO: SOLV: TrailingPE=9.335373, ForwardPE=10.802504
2026-05-27 00:40:47,979 INFO: SO: TrailingPE=24.063936, ForwardPE=19.135496
2026-05-27 00:40:48,489 INFO: LUV: TrailingPE=28.186666, ForwardPE=9.373975
2026-05-27 00:40:48,984 INFO: SWK: TrailingPE=32.34836, ForwardPE=12.736192
2026-05-27 00:40:49,481 INFO: SBUX: TrailingPE=77.419846, ForwardPE=33.508995
2026-05-27 00:40:49,986 INFO: STT: TrailingPE=16.093401, ForwardPE=11.47446
2026-05-27 00:40:50,473 INFO: STLD: TrailingPE=26.819057, ForwardPE=14.72452
2026-05-27 00:40:51,009 INFO: STE: TrailingPE=27.272385, ForwardPE=17.873554
2026-05-27 00:40:51,494 INFO: SYK: TrailingPE=36.22685, ForwardPE=18.728765
2026-05-27 00:40:51,983 INFO: SMCI: TrailingPE=19.526316, ForwardPE=11.521631
2026-05-27 00:40:52,526 INFO: SYF: TrailingPE=7.4430647, ForwardPE=6.8581347
2026-05-27 00:40:53,003 INFO: SNPS: TrailingPE=82.11367, ForwardPE=31.343098
2026-05-27 00:40:53,500 INFO: SYY: TrailingPE=20.922222, ForwardPE=15.202955
2026-05-27 00:40:53,988 INFO: TMUS: TrailingPE=20.330853, ForwardPE=13.67764
2026-05-27 00:40:54,469 INFO: TROW: TrailingPE=11.139485, ForwardPE=10.778923
2026-05-27 00:40:55,126 INFO: TTWO: TrailingPE=None, ForwardPE=21.922249
2026-05-27 00:40:55,685 INFO: TPR: TrailingPE=42.87195, ForwardPE=18.22957
2026-05-27 00:40:56,174 INFO: TRGP: TrailingPE=27.539797, ForwardPE=22.587585
2026-05-27 00:40:56,722 INFO: TGT: TrailingPE=16.569353, ForwardPE=14.112652
2026-05-27 00:40:57,208 INFO: TEL: TrailingPE=21.307457, ForwardPE=16.511003
2026-05-27 00:40:57,715 INFO: TDY: TrailingPE=31.82818, ForwardPE=24.100819
2026-05-27 00:40:58,227 INFO: TER: TrailingPE=72.33086, ForwardPE=40.905186
2026-05-27 00:40:58,734 INFO: TSLA: TrailingPE=390.6216, ForwardPE=172.76636
2026-05-27 00:40:59,244 INFO: TXN: TrailingPE=55.63185, ForwardPE=34.43948
2026-05-27 00:40:59,743 INFO: TPL: TrailingPE=54.957417, ForwardPE=5.47169
2026-05-27 00:41:00,234 INFO: TXT: TrailingPE=17.687023, ForwardPE=12.701597
2026-05-27 00:41:00,717 INFO: TMO: TrailingPE=24.625273, ForwardPE=16.417824
2026-05-27 00:41:01,230 INFO: TJX: TrailingPE=30.928017, ForwardPE=27.653208
2026-05-27 00:41:01,738 INFO: TKO: TrailingPE=70.18283, ForwardPE=40.34517
2026-05-27 00:41:02,225 INFO: TTD: TrailingPE=25.204546, ForwardPE=10.247218
2026-05-27 00:41:02,719 INFO: TSCO: TrailingPE=14.679803, ForwardPE=12.877354
2026-05-27 00:41:03,220 INFO: TT: TrailingPE=35.277523, ForwardPE=27.103767
2026-05-27 00:41:03,730 INFO: TDG: TrailingPE=38.264668, ForwardPE=26.150751
2026-05-27 00:41:04,219 INFO: TRV: TrailingPE=9.099701, ForwardPE=10.678156
2026-05-27 00:41:04,717 INFO: TRMB: TrailingPE=29.497383, ForwardPE=13.847754
2026-05-27 00:41:05,201 INFO: TFC: TrailingPE=12.049505, ForwardPE=9.498592
2026-05-27 00:41:05,687 INFO: TYL: TrailingPE=42.457184, ForwardPE=21.406406
2026-05-27 00:41:06,186 INFO: TSN: TrailingPE=51.283463, ForwardPE=14.298948
2026-05-27 00:41:06,729 INFO: USB: TrailingPE=11.57652, ForwardPE=9.771134
2026-05-27 00:41:07,221 INFO: UBER: TrailingPE=17.399504, ForwardPE=16.153706
2026-05-27 00:41:07,738 INFO: UDR: TrailingPE=25.870747, ForwardPE=63.383327
2026-05-27 00:41:08,475 INFO: ULTA: TrailingPE=20.118519, ForwardPE=16.290401
2026-05-27 00:41:09,027 INFO: UNP: TrailingPE=22.312757, ForwardPE=19.809216
2026-05-27 00:41:09,535 INFO: UAL: TrailingPE=9.47406, ForwardPE=7.4679637
2026-05-27 00:41:10,128 INFO: UPS: TrailingPE=16.5, ForwardPE=12.742491
2026-05-27 00:41:10,616 INFO: URI: TrailingPE=24.601942, ForwardPE=17.88479
2026-05-27 00:41:11,096 INFO: UNH: TrailingPE=28.356659, ForwardPE=18.076605
2026-05-27 00:41:11,583 INFO: UHS: TrailingPE=6.5398746, ForwardPE=6.148231
2026-05-27 00:41:12,129 INFO: VLO: TrailingPE=17.649853, ForwardPE=12.315937
2026-05-27 00:41:12,632 INFO: VEEV: TrailingPE=29.089909, ForwardPE=16.040096
2026-05-27 00:41:13,133 INFO: VTR: TrailingPE=160.67273, ForwardPE=104.37361
2026-05-27 00:41:13,634 INFO: VLTO: TrailingPE=22.177835, ForwardPE=18.501238
2026-05-27 00:41:14,135 INFO: VRSN: TrailingPE=33.90718, ForwardPE=28.807194
2026-05-27 00:41:14,682 INFO: VRSK: TrailingPE=26.196945, ForwardPE=19.820175
2026-05-27 00:41:15,215 INFO: VZ: TrailingPE=11.82683, ForwardPE=9.194527
2026-05-27 00:41:15,727 INFO: VRTX: TrailingPE=25.855871, ForwardPE=20.272768
2026-05-27 00:41:16,241 INFO: VRT: TrailingPE=80.9775, ForwardPE=36.654713
2026-05-27 00:41:16,742 INFO: VTRS: TrailingPE=None, ForwardPE=6.0825067
2026-05-27 00:41:17,288 INFO: VICI: TrailingPE=9.80137, ForwardPE=9.751278
2026-05-27 00:41:17,789 INFO: V: TrailingPE=28.439026, ForwardPE=21.98378
2026-05-27 00:41:18,328 INFO: VST: TrailingPE=27.472454, ForwardPE=15.018367
2026-05-27 00:41:19,011 INFO: VMC: TrailingPE=31.827219, ForwardPE=24.800491
2026-05-27 00:41:19,517 INFO: WRB: TrailingPE=14.264832, ForwardPE=13.948825
2026-05-27 00:41:20,053 INFO: GWW: TrailingPE=33.599247, ForwardPE=24.80688
2026-05-27 00:41:20,544 INFO: WAB: TrailingPE=36.93079, ForwardPE=21.556732
2026-05-27 00:41:21,035 INFO: WMT: TrailingPE=41.75, ForwardPE=36.05014
2026-05-27 00:41:21,525 INFO: DIS: TrailingPE=16.5248, ForwardPE=13.780772
2026-05-27 00:41:22,015 INFO: WBD: TrailingPE=None, ForwardPE=1800.0
2026-05-27 00:41:22,541 INFO: WM: TrailingPE=31.183792, ForwardPE=23.302542
2026-05-27 00:41:23,041 INFO: WAT: TrailingPE=43.02923, ForwardPE=20.630667
2026-05-27 00:41:23,535 INFO: WEC: TrailingPE=22.643288, ForwardPE=18.818808
2026-05-27 00:41:24,015 INFO: WFC: TrailingPE=11.981453, ForwardPE=9.813776
2026-05-27 00:41:24,522 INFO: WELL: TrailingPE=104.8702, ForwardPE=64.91965
2026-05-27 00:41:25,002 INFO: WST: TrailingPE=42.325306, ForwardPE=33.095337
2026-05-27 00:41:25,504 INFO: WDC: TrailingPE=31.39737, ForwardPE=30.116835
2026-05-27 00:41:26,025 INFO: WY: TrailingPE=42.535713, ForwardPE=34.175034
2026-05-27 00:41:26,683 INFO: WSM: TrailingPE=22.264872, ForwardPE=19.395758
2026-05-27 00:41:27,211 INFO: WMB: TrailingPE=33.482456, ForwardPE=29.692724
2026-05-27 00:41:27,742 INFO: WTW: TrailingPE=15.044014, ForwardPE=11.5681305
2026-05-27 00:41:28,253 INFO: WDAY: TrailingPE=38.515526, ForwardPE=9.847827
2026-05-27 00:41:28,752 INFO: WYNN: TrailingPE=28.04298, ForwardPE=17.980265
2026-05-27 00:41:29,259 INFO: XEL: TrailingPE=23.27954, ForwardPE=17.824635
2026-05-27 00:41:29,744 INFO: XYL: TrailingPE=27.57568, ForwardPE=18.238873
2026-05-27 00:41:30,310 INFO: YUM: TrailingPE=24.800322, ForwardPE=20.54524
2026-05-27 00:41:30,823 INFO: ZBRA: TrailingPE=30.487925, ForwardPE=12.190681
2026-05-27 00:41:31,317 INFO: ZBH: TrailingPE=21.867878, ForwardPE=9.386388
2026-05-27 00:41:31,833 INFO: ZTS: TrailingPE=13.15246, ForwardPE=10.793641
2026-05-27 00:41:31,839 INFO: Saved 389 results to good_forward_pe_results_20260527_004131.csv.
2026-05-27 01:24:46,078 INFO: Fetched 503 S&P 500 tickers from Wikipedia.
2026-05-27 01:24:47,094 INFO: MMM: TrailingPE=29.735521, ForwardPE=16.290472
2026-05-27 01:24:47,602 INFO: AOS: TrailingPE=15.554667, ForwardPE=13.956415
2026-05-27 01:24:48,155 INFO: ABT: TrailingPE=24.277311, ForwardPE=14.292664
2026-05-27 01:24:48,707 INFO: ABBV: TrailingPE=103.960976, ForwardPE=13.131424
2026-05-27 01:24:49,246 INFO: ACN: TrailingPE=14.496314, ForwardPE=11.873927
2026-05-27 01:24:49,801 INFO: ADBE: TrailingPE=14.014569, ForwardPE=9.114296
2026-05-27 01:24:50,358 INFO: AMD: TrailingPE=168.52509, ForwardPE=38.881783
2026-05-27 01:24:50,854 INFO: AES: TrailingPE=7.640625, ForwardPE=6.141185
2026-05-27 01:24:51,357 INFO: AFL: TrailingPE=13.350857, ForwardPE=15.363593
2026-05-27 01:24:51,881 INFO: A: TrailingPE=25.403973, ForwardPE=17.53349
2026-05-27 01:24:52,377 INFO: APD: TrailingPE=30.516335, ForwardPE=20.331867
2026-05-27 01:24:53,061 INFO: ABNB: TrailingPE=32.76049, ForwardPE=21.949007
2026-05-27 01:24:53,607 INFO: AKAM: TrailingPE=50.070946, ForwardPE=20.613583
2026-05-27 01:24:54,096 INFO: ALB: TrailingPE=None, ForwardPE=14.72835
2026-05-27 01:24:54,586 INFO: ARE: TrailingPE=None, ForwardPE=-55.079548
2026-05-27 01:24:55,089 INFO: ALGN: TrailingPE=27.441275, ForwardPE=13.212948
2026-05-27 01:24:55,587 INFO: ALLE: TrailingPE=17.979507, ForwardPE=13.788616
2026-05-27 01:24:56,082 INFO: LNT: TrailingPE=23.169811, ForwardPE=19.992239
2026-05-27 01:24:56,596 INFO: ALL: TrailingPE=4.708407, ForwardPE=8.118492
2026-05-27 01:24:57,338 INFO: GOOGL: TrailingPE=29.685495, ForwardPE=26.866783
2026-05-27 01:24:57,839 INFO: GOOG: TrailingPE=29.309977, ForwardPE=26.587667
2026-05-27 01:24:58,400 INFO: MO: TrailingPE=15.108561, ForwardPE=12.334211
2026-05-27 01:24:58,899 INFO: AMZN: TrailingPE=31.507126, ForwardPE=26.907345
2026-05-27 01:24:59,390 INFO: AMCR: TrailingPE=31.411291, ForwardPE=9.0844
2026-05-27 01:24:59,890 INFO: AEE: TrailingPE=19.969425, ForwardPE=19.127207
2026-05-27 01:25:00,404 INFO: AEP: TrailingPE=19.363903, ForwardPE=19.088531
2026-05-27 01:25:00,951 INFO: AXP: TrailingPE=19.383656, ForwardPE=15.439718
2026-05-27 01:25:01,444 INFO: AIG: TrailingPE=13.589789, ForwardPE=8.678787
2026-05-27 01:25:02,051 INFO: AMT: TrailingPE=29.830647, ForwardPE=26.780596
2026-05-27 01:25:02,551 INFO: AWK: TrailingPE=21.998222, ForwardPE=18.865969
2026-05-27 01:25:03,352 INFO: AMP: TrailingPE=11.35344, ForwardPE=9.561138
2026-05-27 01:25:04,023 INFO: AME: TrailingPE=34.65861, ForwardPE=26.039171
2026-05-27 01:25:04,632 INFO: AMGN: TrailingPE=23.345379, ForwardPE=14.309263
2026-05-27 01:25:05,186 INFO: APH: TrailingPE=39.988537, ForwardPE=24.799158
2026-05-27 01:25:05,682 INFO: ADI: TrailingPE=62.5842, ForwardPE=28.425549
2026-05-27 01:25:06,203 INFO: AON: TrailingPE=17.52415, ForwardPE=14.906427
2026-05-27 01:25:06,718 INFO: APA: TrailingPE=8.741259, ForwardPE=8.880364
2026-05-27 01:25:07,400 INFO: APO: TrailingPE=81.70441, ForwardPE=12.242079
2026-05-27 01:25:07,906 INFO: AAPL: TrailingPE=37.373333, ForwardPE=32.091232
2026-05-27 01:25:08,404 INFO: AMAT: TrailingPE=42.79304, ForwardPE=28.209322
2026-05-27 01:25:08,930 INFO: APP: TrailingPE=44.67767, ForwardPE=23.45307
2026-05-27 01:25:09,440 INFO: APTV: TrailingPE=34.976192, ForwardPE=8.64152
2026-05-27 01:25:09,942 INFO: ACGL: TrailingPE=7.336154, ForwardPE=9.631884
2026-05-27 01:25:10,454 INFO: ADM: TrailingPE=34.825893, ForwardPE=15.0259075
2026-05-27 01:25:11,018 INFO: ARES: TrailingPE=57.999996, ForwardPE=17.113842
2026-05-27 01:25:11,715 INFO: ANET: TrailingPE=54.298965, ForwardPE=35.511612
2026-05-27 01:25:12,263 INFO: AJG: TrailingPE=33.00324, ForwardPE=13.73456
2026-05-27 01:25:12,769 INFO: AIZ: TrailingPE=13.115267, ForwardPE=11.394028
2026-05-27 01:25:13,333 INFO: T: TrailingPE=8.230264, ForwardPE=9.799544
2026-05-27 01:25:13,857 INFO: ATO: TrailingPE=21.85978, ForwardPE=19.903015
2026-05-27 01:25:14,356 INFO: ADSK: TrailingPE=45.550667, ForwardPE=16.88127
2026-05-27 01:25:14,851 INFO: ADP: TrailingPE=20.368471, ForwardPE=17.90717
2026-05-27 01:25:15,355 INFO: AZO: TrailingPE=21.720102, ForwardPE=17.736324
2026-05-27 01:25:15,852 INFO: AVB: TrailingPE=22.907179, ForwardPE=37.992275
2026-05-27 01:25:16,373 INFO: AVY: TrailingPE=17.995495, ForwardPE=14.311187
2026-05-27 01:25:16,875 INFO: AXON: TrailingPE=155.9919, ForwardPE=36.440636
2026-05-27 01:25:17,395 INFO: BKR: TrailingPE=21.319489, ForwardPE=23.979275
2026-05-27 01:25:18,023 INFO: BALL: TrailingPE=16.48688, ForwardPE=12.510951
2026-05-27 01:25:18,540 INFO: BAC: TrailingPE=12.952853, ForwardPE=10.337739
2026-05-27 01:25:19,047 INFO: BAX: TrailingPE=None, ForwardPE=9.635942
2026-05-27 01:25:19,548 INFO: BDX: TrailingPE=25.78534, ForwardPE=10.989012
2026-05-27 01:25:20,101 INFO: BRK.B: TrailingPE=None, ForwardPE=None
2026-05-27 01:25:20,657 INFO: BBY: TrailingPE=12.543652, ForwardPE=9.033584
2026-05-27 01:25:21,152 INFO: TECH: TrailingPE=68.52857, ForwardPE=23.238691
2026-05-27 01:25:21,653 INFO: BIIB: TrailingPE=20.76129, ForwardPE=11.635594
2026-05-27 01:25:22,153 INFO: BLK: TrailingPE=27.138538, ForwardPE=17.76562
2026-05-27 01:25:22,674 INFO: BX: TrailingPE=30.28718, ForwardPE=15.67597
2026-05-27 01:25:23,185 INFO: XYZ: TrailingPE=54.039062, ForwardPE=13.924145
2026-05-27 01:25:23,733 INFO: BNY: TrailingPE=17.5, ForwardPE=14.592385
2026-05-27 01:25:24,249 INFO: BA: TrailingPE=86.1811, ForwardPE=52.350513
2026-05-27 01:25:24,751 INFO: BKNG: TrailingPE=21.515152, ForwardPE=13.272053
2026-05-27 01:25:25,259 INFO: BSX: TrailingPE=24.117153, ForwardPE=15.316263
2026-05-27 01:25:25,782 INFO: BMY: TrailingPE=16.254902, ForwardPE=9.40444
2026-05-27 01:25:26,290 INFO: AVGO: TrailingPE=82.10312, ForwardPE=23.112387
2026-05-27 01:25:26,798 INFO: BR: TrailingPE=15.716577, ForwardPE=14.121145
2026-05-27 01:25:27,391 INFO: BRO: TrailingPE=18.563519, ForwardPE=11.715057
2026-05-27 01:25:27,876 INFO: BF.B: TrailingPE=None, ForwardPE=None
2026-05-27 01:25:28,437 INFO: BLDR: TrailingPE=28.400766, ForwardPE=12.65515
2026-05-27 01:25:29,108 INFO: BG: TrailingPE=31.605263, ForwardPE=11.032529
2026-05-27 01:25:29,663 INFO: BXP: TrailingPE=30.457287, ForwardPE=28.519802
2026-05-27 01:25:30,165 INFO: CHRW: TrailingPE=35.941418, ForwardPE=24.240566
2026-05-27 01:25:30,717 INFO: CDNS: TrailingPE=88.77907, ForwardPE=40.695343
2026-05-27 01:25:31,219 INFO: CPT: TrailingPE=30.094973, ForwardPE=88.0754
2026-05-27 01:25:31,718 INFO: CPB: TrailingPE=10.940217, ForwardPE=9.348789
2026-05-27 01:25:32,222 INFO: COF: TrailingPE=57.36, ForwardPE=7.7106214
2026-05-27 01:25:32,722 INFO: CAH: TrailingPE=30.637613, ForwardPE=16.728935
2026-05-27 01:25:33,282 INFO: CCL: TrailingPE=11.76652, ForwardPE=10.273353
2026-05-27 01:25:33,832 INFO: CARR: TrailingPE=43.26, ForwardPE=20.263433
2026-05-27 01:25:34,349 INFO: CVNA: TrailingPE=40.549133, ForwardPE=33.219364
2026-05-27 01:25:34,858 INFO: CASY: TrailingPE=46.491096, ForwardPE=40.06641
2026-05-27 01:25:35,386 INFO: CAT: TrailingPE=45.291626, ForwardPE=30.475042
2026-05-27 01:25:36,063 INFO: CBOE: TrailingPE=30.246586, ForwardPE=24.60851
2026-05-27 01:25:36,581 INFO: CBRE: TrailingPE=29.625568, ForwardPE=14.654347
2026-05-27 01:25:37,085 INFO: CDW: TrailingPE=13.226552, ForwardPE=9.490988
2026-05-27 01:25:37,773 INFO: COR: TrailingPE=20.733538, ForwardPE=13.6924095
2026-05-27 01:25:38,335 INFO: CNC: TrailingPE=None, ForwardPE=12.841087
2026-05-27 01:25:38,888 INFO: CNP: TrailingPE=26.337423, ForwardPE=20.620192
2026-05-27 01:25:39,389 INFO: CF: TrailingPE=10.735135, ForwardPE=11.350572
2026-05-27 01:25:39,909 INFO: CRL: TrailingPE=None, ForwardPE=12.732297
2026-05-27 01:25:40,428 INFO: SCHW: TrailingPE=17.77336, ForwardPE=12.384108
2026-05-27 01:25:40,928 INFO: CHTR: TrailingPE=3.896104, ForwardPE=3.2566617
2026-05-27 01:25:41,478 INFO: CVX: TrailingPE=32.179443, ForwardPE=14.995641
2026-05-27 01:25:42,053 INFO: CMG: TrailingPE=29.642202, ForwardPE=23.80251
2026-05-27 01:25:42,554 INFO: CB: TrailingPE=11.516277, ForwardPE=11.124838
2026-05-27 01:25:43,071 INFO: CHD: TrailingPE=31.799341, ForwardPE=24.10675
2026-05-27 01:25:43,721 INFO: CIEN: TrailingPE=381.2595, ForwardPE=68.73444
2026-05-27 01:25:44,222 INFO: CI: TrailingPE=2.4694862, ForwardPE=8.385395
2026-05-27 01:25:44,730 INFO: CINF: TrailingPE=9.556064, ForwardPE=18.190174
2026-05-27 01:25:45,412 INFO: CTAS: TrailingPE=36.094936, ForwardPE=31.525646
2026-05-27 01:25:45,961 INFO: CSCO: TrailingPE=39.443333, ForwardPE=24.816181
2026-05-27 01:25:46,460 INFO: C: TrailingPE=15.6810875, ForwardPE=10.125067
2026-05-27 01:25:46,980 INFO: CFG: TrailingPE=15.082939, ForwardPE=9.925292
2026-05-27 01:25:47,481 INFO: CLX: TrailingPE=15.647155, ForwardPE=15.286833
2026-05-27 01:25:48,008 INFO: CME: TrailingPE=24.128096, ForwardPE=21.893755
2026-05-27 01:25:48,520 INFO: CMS: TrailingPE=20.554016, ForwardPE=17.783957
2026-05-27 01:25:49,080 INFO: KO: TrailingPE=25.301886, ForwardPE=23.096598
2026-05-27 01:25:49,643 INFO: CTSH: TrailingPE=11.238611, ForwardPE=8.410482
2026-05-27 01:25:50,236 INFO: COHR: TrailingPE=180.7346, ForwardPE=47.10537
2026-05-27 01:25:50,760 INFO: COIN: TrailingPE=66.180145, ForwardPE=36.331745
2026-05-27 01:25:51,261 INFO: CL: TrailingPE=34.82558, ForwardPE=22.2341
2026-05-27 01:25:51,837 INFO: CMCSA: TrailingPE=4.9313726, ForwardPE=6.597154
2026-05-27 01:25:52,342 INFO: FIX: TrailingPE=54.516933, ForwardPE=35.95504
2026-05-27 01:25:52,845 INFO: CAG: TrailingPE=None, ForwardPE=7.81575
2026-05-27 01:25:53,349 INFO: COP: TrailingPE=19.757627, ForwardPE=12.736522
2026-05-27 01:25:54,032 INFO: ED: TrailingPE=18.161888, ForwardPE=16.596218
2026-05-27 01:25:54,585 INFO: STZ: TrailingPE=15.363164, ForwardPE=11.845039
2026-05-27 01:25:55,141 INFO: CEG: TrailingPE=26.223478, ForwardPE=22.188557
2026-05-27 01:25:55,681 INFO: COO: TrailingPE=30.860697, ForwardPE=12.355441
2026-05-27 01:25:56,183 INFO: CPRT: TrailingPE=20.90566, ForwardPE=19.571592
2026-05-27 01:25:56,716 INFO: GLW: TrailingPE=94.3125, ForwardPE=46.44572
2026-05-27 01:25:57,277 INFO: CPAY: TrailingPE=20.934729, ForwardPE=11.422909
2026-05-27 01:25:57,781 INFO: CTVA: TrailingPE=42.75135, ForwardPE=19.276844
2026-05-27 01:25:58,293 INFO: CSGP: TrailingPE=464.57144, ForwardPE=18.082237
2026-05-27 01:25:58,796 INFO: COST: TrailingPE=52.154446, ForwardPE=44.48534
2026-05-27 01:25:59,302 INFO: CRH: TrailingPE=18.944342, ForwardPE=15.280712
2026-05-27 01:25:59,869 INFO: CRWD: TrailingPE=None, ForwardPE=109.03945
2026-05-27 01:26:00,385 INFO: CCI: TrailingPE=38.244728, ForwardPE=30.607662
2026-05-27 01:26:01,227 INFO: CSX: TrailingPE=28.595093, ForwardPE=21.547977
2026-05-27 01:26:01,726 INFO: CMI: TrailingPE=34.74026, ForwardPE=20.028645
2026-05-27 01:26:02,230 INFO: CVS: TrailingPE=39.79386, ForwardPE=10.849186
2026-05-27 01:26:02,772 INFO: DHR: TrailingPE=33.49031, ForwardPE=19.000864
2026-05-27 01:26:03,262 INFO: DRI: TrailingPE=21.501057, ForwardPE=17.92385
2026-05-27 01:26:03,761 INFO: DDOG: TrailingPE=559.125, ForwardPE=78.6221
2026-05-27 01:26:04,265 INFO: DVA: TrailingPE=18.841042, ForwardPE=11.382472
2026-05-27 01:26:04,770 INFO: DECK: TrailingPE=15.874644, ForwardPE=13.408542
2026-05-27 01:26:05,320 INFO: DE: TrailingPE=29.944538, ForwardPE=23.104214
2026-05-27 01:26:05,834 INFO: DELL: TrailingPE=35.14746, ForwardPE=20.416412
2026-05-27 01:26:06,332 INFO: DAL: TrailingPE=11.589781, ForwardPE=9.85429
2026-05-27 01:26:06,842 INFO: DVN: TrailingPE=12.573816, ForwardPE=8.422459
2026-05-27 01:26:07,406 INFO: DXCM: TrailingPE=30.90558, ForwardPE=23.529142
2026-05-27 01:26:07,966 INFO: FANG: TrailingPE=199.11224, ForwardPE=11.356171
2026-05-27 01:26:08,552 INFO: DLR: TrailingPE=51.507977, ForwardPE=67.6189
2026-05-27 01:26:09,101 INFO: DG: TrailingPE=15.125547, ForwardPE=13.02651
2026-05-27 01:26:09,616 INFO: DLTR: TrailingPE=15.77441, ForwardPE=12.722421
2026-05-27 01:26:10,180 INFO: D: TrailingPE=19.846607, ForwardPE=17.64092
2026-05-27 01:26:10,677 INFO: DPZ: TrailingPE=17.860762, ForwardPE=14.814526
2026-05-27 01:26:11,198 INFO: DASH: TrailingPE=72.64151, ForwardPE=19.782547
2026-05-27 01:26:11,710 INFO: DOV: TrailingPE=26.925, ForwardPE=18.605423
2026-05-27 01:26:12,208 INFO: DOW: TrailingPE=None, ForwardPE=16.49338
2026-05-27 01:26:12,762 INFO: DHI: TrailingPE=13.671363, ForwardPE=12.096952
2026-05-27 01:26:13,307 INFO: DTE: TrailingPE=23.825369, ForwardPE=17.316193
2026-05-27 01:26:13,823 INFO: DUK: TrailingPE=19.226154, ForwardPE=17.433895
2026-05-27 01:26:14,335 INFO: DD: TrailingPE=130.1579, ForwardPE=18.89582
2026-05-27 01:26:14,863 INFO: ETN: TrailingPE=39.48384, ForwardPE=25.641663
2026-05-27 01:26:15,450 INFO: EBAY: TrailingPE=26.630486, ForwardPE=17.046698
2026-05-27 01:26:15,968 INFO: SATS: TrailingPE=None, ForwardPE=-1080.0
2026-05-27 01:26:16,471 INFO: ECL: TrailingPE=34.355404, ForwardPE=26.4805
2026-05-27 01:26:17,039 INFO: EIX: TrailingPE=7.7434783, ForwardPE=10.938005
2026-05-27 01:26:17,555 INFO: EW: TrailingPE=47.31892, ForwardPE=26.015556
2026-05-27 01:26:18,065 INFO: EA: TrailingPE=57.139206, ForwardPE=20.614912
2026-05-27 01:26:18,643 INFO: ELV: TrailingPE=16.434322, ForwardPE=13.2609625
2026-05-27 01:26:19,133 INFO: EME: TrailingPE=28.906376, ForwardPE=26.563066
2026-05-27 01:26:19,650 INFO: EMR: TrailingPE=32.631943, ForwardPE=19.70407
2026-05-27 01:26:20,201 INFO: ETR: TrailingPE=28.563776, ForwardPE=22.283564
2026-05-27 01:26:20,714 INFO: EOG: TrailingPE=13.39233, ForwardPE=9.442098
2026-05-27 01:26:21,304 INFO: EPAM: TrailingPE=14.3232765, ForwardPE=7.066955
2026-05-27 01:26:21,820 INFO: EQT: TrailingPE=10.666034, ForwardPE=12.08851
2026-05-27 01:26:22,324 INFO: EFX: TrailingPE=28.663733, ForwardPE=15.843682
2026-05-27 01:26:22,926 INFO: EQIX: TrailingPE=74.47339, ForwardPE=56.05845
2026-05-27 01:26:23,465 INFO: EQR: TrailingPE=26.452, ForwardPE=42.293427
2026-05-27 01:26:23,994 INFO: ERIE: TrailingPE=20.427656, ForwardPE=15.922198
2026-05-27 01:26:24,564 INFO: ESS: TrailingPE=31.221846, ForwardPE=46.853905
2026-05-27 01:26:25,093 INFO: EL: TrailingPE=None, ForwardPE=27.24324
2026-05-27 01:26:25,622 INFO: EG: TrailingPE=7.17332, ForwardPE=5.8119855
2026-05-27 01:26:26,179 INFO: EVRG: TrailingPE=22.36968, ForwardPE=18.477795
2026-05-27 01:26:26,691 INFO: ES: TrailingPE=14.925053, ForwardPE=14.04534
2026-05-27 01:26:27,260 INFO: EXC: TrailingPE=16.860806, ForwardPE=15.154258
2026-05-27 01:26:27,766 INFO: EXE: TrailingPE=7.0349708, ForwardPE=9.736793
2026-05-27 01:26:28,305 INFO: EXPE: TrailingPE=19.679611, ForwardPE=9.653334
2026-05-27 01:26:28,831 INFO: EXPD: TrailingPE=25.919355, ForwardPE=23.555176
2026-05-27 01:26:29,354 INFO: EXR: TrailingPE=32.284756, ForwardPE=30.086422
2026-05-27 01:26:29,960 INFO: XOM: TrailingPE=25.26307, ForwardPE=14.259118
2026-05-27 01:26:30,453 INFO: FFIV: TrailingPE=32.648026, ForwardPE=22.710646
2026-05-27 01:26:30,962 INFO: FDS: TrailingPE=14.859716, ForwardPE=11.891814
2026-05-27 01:26:31,450 INFO: FICO: TrailingPE=40.00921, ForwardPE=23.264042
2026-05-27 01:26:31,998 INFO: FAST: TrailingPE=39.336285, ForwardPE=32.505283
2026-05-27 01:26:32,549 INFO: FRT: TrailingPE=20.824957, ForwardPE=38.87277
2026-05-27 01:26:33,047 INFO: FDX: TrailingPE=21.367521, ForwardPE=17.852776
2026-05-27 01:26:33,541 INFO: FIS: TrailingPE=8.182171, ForwardPE=6.192968
2026-05-27 01:26:34,094 INFO: FITB: TrailingPE=16.77441, ForwardPE=10.138628
2026-05-27 01:26:34,589 INFO: FSLR: TrailingPE=17.449903, ForwardPE=11.5158825
2026-05-27 01:26:35,143 INFO: FE: TrailingPE=25.347826, ForwardPE=15.827015
2026-05-27 01:26:35,640 INFO: FISV: TrailingPE=9.425424, ForwardPE=6.208344
2026-05-27 01:26:36,343 INFO: F: TrailingPE=None, ForwardPE=8.374926
2026-05-27 01:26:36,890 INFO: FTNT: TrailingPE=51.922485, ForwardPE=39.10887
2026-05-27 01:26:37,395 INFO: FTV: TrailingPE=35.482353, ForwardPE=18.755869
2026-05-27 01:26:37,937 INFO: FOXA: TrailingPE=17.094736, ForwardPE=11.434002
2026-05-27 01:26:38,429 INFO: FOX: TrailingPE=15.284211, ForwardPE=11.013913
2026-05-27 01:26:38,945 INFO: BEN: TrailingPE=24.175573, ForwardPE=10.7148905
2026-05-27 01:26:39,559 INFO: FCX: TrailingPE=34.05291, ForwardPE=17.262236
2026-05-27 01:26:40,157 INFO: GRMN: TrailingPE=26.651398, ForwardPE=23.104528
2026-05-27 01:26:40,733 INFO: IT: TrailingPE=15.617211, ForwardPE=10.29494
2026-05-27 01:26:41,230 INFO: GE: TrailingPE=39.01861, ForwardPE=36.243843
2026-05-27 01:26:41,741 INFO: GEHC: TrailingPE=15.390887, ForwardPE=11.969593
2026-05-27 01:26:42,246 INFO: GEV: TrailingPE=31.327774, ForwardPE=43.671993
2026-05-27 01:26:42,923 INFO: GEN: TrailingPE=15.7707, ForwardPE=7.5332775
2026-05-27 01:26:43,487 INFO: GNRC: TrailingPE=86.150475, ForwardPE=24.771727
2026-05-27 01:26:44,065 INFO: GD: TrailingPE=21.702772, ForwardPE=18.9927
2026-05-27 01:26:44,566 INFO: GIS: TrailingPE=8.107579, ForwardPE=10.171654
2026-05-27 01:26:45,058 INFO: GM: TrailingPE=29.120438, ForwardPE=5.682793
2026-05-27 01:26:45,737 INFO: GPC: TrailingPE=220.56819, ForwardPE=11.590717
2026-05-27 01:26:46,288 INFO: GILD: TrailingPE=18.194557, ForwardPE=13.945083
2026-05-27 01:26:46,786 INFO: GPN: TrailingPE=26.941175, ForwardPE=4.507414
2026-05-27 01:26:47,299 INFO: GL: TrailingPE=10.840249, ForwardPE=9.414635
2026-05-27 01:26:47,819 INFO: GDDY: TrailingPE=14.103011, ForwardPE=8.260213
2026-05-27 01:26:48,320 INFO: GS: TrailingPE=18.174707, ForwardPE=15.209428
2026-05-27 01:26:48,971 INFO: HAL: TrailingPE=22.696135, ForwardPE=14.148685
2026-05-27 01:26:49,519 INFO: HIG: TrailingPE=9.525686, ForwardPE=9.391196
2026-05-27 01:26:50,011 INFO: HAS: TrailingPE=None, ForwardPE=13.719711
2026-05-27 01:26:50,534 INFO: HCA: TrailingPE=13.513085, ForwardPE=11.8419695
2026-05-27 01:26:51,098 INFO: DOC: TrailingPE=62.593754, ForwardPE=148.37038
2026-05-27 01:26:51,636 INFO: HSIC: TrailingPE=22.326284, ForwardPE=12.508421
2026-05-27 01:26:52,186 INFO: HSY: TrailingPE=35.524162, ForwardPE=19.30661
2026-05-27 01:26:52,694 INFO: HPE: TrailingPE=None, ForwardPE=13.929759
2026-05-27 01:26:53,193 INFO: HLT: TrailingPE=49.436638, ForwardPE=31.08951
2026-05-27 01:26:53,683 INFO: HD: TrailingPE=22.039745, ForwardPE=19.28075
2026-05-27 01:26:54,190 INFO: HON: TrailingPE=36.95694, ForwardPE=20.221977
2026-05-27 01:26:54,763 INFO: HRL: TrailingPE=23.47191, ForwardPE=13.389824
2026-05-27 01:26:55,255 INFO: HST: TrailingPE=15.721088, ForwardPE=23.11
2026-05-27 01:26:55,819 INFO: HWM: TrailingPE=60.763344, ForwardPE=43.71544
2026-05-27 01:26:56,318 INFO: HPQ: TrailingPE=9.253788, ForwardPE=8.207931
2026-05-27 01:26:56,828 INFO: HUBB: TrailingPE=28.270254, ForwardPE=21.9508
2026-05-27 01:26:57,320 INFO: HUM: TrailingPE=32.23184, ForwardPE=19.489132
2026-05-27 01:26:57,869 INFO: HBAN: TrailingPE=12.353847, ForwardPE=8.43514
2026-05-27 01:26:58,361 INFO: HII: TrailingPE=20.854452, ForwardPE=15.721986
2026-05-27 01:26:58,857 INFO: IBM: TrailingPE=22.184956, ForwardPE=18.632164
2026-05-27 01:26:59,371 INFO: IEX: TrailingPE=31.232248, ForwardPE=22.882257
2026-05-27 01:26:59,887 INFO: IDXX: TrailingPE=41.001472, ForwardPE=33.737732
2026-05-27 01:27:00,443 INFO: ITW: TrailingPE=23.250696, ForwardPE=20.573893
2026-05-27 01:27:00,936 INFO: INCY: TrailingPE=13.714689, ForwardPE=10.708492
2026-05-27 01:27:01,488 INFO: IR: TrailingPE=48.93919, ForwardPE=18.832554
2026-05-27 01:27:01,991 INFO: PODD: TrailingPE=36.018738, ForwardPE=19.084846
2026-05-27 01:27:02,513 INFO: INTC: TrailingPE=None, ForwardPE=80.222374
2026-05-27 01:27:03,010 INFO: IBKR: TrailingPE=35.575108, ForwardPE=29.026972
2026-05-27 01:27:03,701 INFO: ICE: TrailingPE=21.92722, ForwardPE=17.149656
2026-05-27 01:27:04,249 INFO: IFF: TrailingPE=23.489164, ForwardPE=15.784678
2026-05-27 01:27:04,752 INFO: IP: TrailingPE=None, ForwardPE=11.936463
2026-05-27 01:27:05,270 INFO: INTU: TrailingPE=18.580587, ForwardPE=11.170997
2026-05-27 01:27:05,768 INFO: ISRG: TrailingPE=52.990295, ForwardPE=37.037163
2026-05-27 01:27:06,307 INFO: IVZ: TrailingPE=None, ForwardPE=9.321538
2026-05-27 01:27:06,868 INFO: INVH: TrailingPE=30.947369, ForwardPE=44.26111
2026-05-27 01:27:07,379 INFO: IQV: TrailingPE=20.149254, ForwardPE=11.417955
2026-05-27 01:27:07,936 INFO: IRM: TrailingPE=139.5652, ForwardPE=48.023155
2026-05-27 01:27:08,487 INFO: JBHT: TrailingPE=41.557453, ForwardPE=29.46435
2026-05-27 01:27:09,097 INFO: JBL: TrailingPE=51.177658, ForwardPE=26.061176
2026-05-27 01:27:09,638 INFO: JKHY: TrailingPE=19.184359, ForwardPE=19.423077
2026-05-27 01:27:10,191 INFO: J: TrailingPE=34.174038, ForwardPE=14.002065
2026-05-27 01:27:10,684 INFO: JNJ: TrailingPE=26.703016, ForwardPE=18.110092
2026-05-27 01:27:11,238 INFO: JCI: TrailingPE=42.880733, ForwardPE=24.586025
2026-05-27 01:27:11,735 INFO: JPM: TrailingPE=14.676555, ForwardPE=13.02409
2026-05-27 01:27:12,234 INFO: KVUE: TrailingPE=20.821428, ForwardPE=14.208076
2026-05-27 01:27:12,750 INFO: KDP: TrailingPE=21.888887, ForwardPE=11.705426
2026-05-27 01:27:13,320 INFO: KEY: TrailingPE=13.355828, ForwardPE=10.096981
2026-05-27 01:27:13,866 INFO: KEYS: TrailingPE=57.37742, ForwardPE=30.004148
2026-05-27 01:27:14,424 INFO: KMB: TrailingPE=19.104448, ForwardPE=13.035863
2026-05-27 01:27:14,931 INFO: KIM: TrailingPE=28.206898, ForwardPE=28.701756
2026-05-27 01:27:15,442 INFO: KMI: TrailingPE=22.060402, ForwardPE=21.505445
2026-05-27 01:27:15,939 INFO: KKR: TrailingPE=32.30952, ForwardPE=12.844784
2026-05-27 01:27:16,473 INFO: KLAC: TrailingPE=56.96375, ForwardPE=40.344986
2026-05-27 01:27:17,014 INFO: KHC: TrailingPE=None, ForwardPE=11.313721
2026-05-27 01:27:17,592 INFO: KR: TrailingPE=41.91559, ForwardPE=11.474169
2026-05-27 01:27:18,115 INFO: LHX: TrailingPE=34.072826, ForwardPE=22.993742
2026-05-27 01:27:18,634 INFO: LH: TrailingPE=22.912235, ForwardPE=13.293318
2026-05-27 01:27:19,143 INFO: LRCX: TrailingPE=61.113632, ForwardPE=40.68376
2026-05-27 01:27:19,633 INFO: LVS: TrailingPE=18.357933, ForwardPE=13.521741
2026-05-27 01:27:20,178 INFO: LDOS: TrailingPE=11.721866, ForwardPE=9.7094145
2026-05-27 01:27:20,734 INFO: LEN: TrailingPE=12.847483, ForwardPE=11.764287
2026-05-27 01:27:21,230 INFO: LII: TrailingPE=22.345932, ForwardPE=18.818813
2026-05-27 01:27:21,754 INFO: LLY: TrailingPE=37.86415, ForwardPE=23.942705
2026-05-27 01:27:22,275 INFO: LIN: TrailingPE=34.194553, ForwardPE=26.127346
2026-05-27 01:27:22,773 INFO: LYV: TrailingPE=None, ForwardPE=77.49117
2026-05-27 01:27:23,303 INFO: LMT: TrailingPE=25.8188, ForwardPE=16.6064
2026-05-27 01:27:23,830 INFO: L: TrailingPE=13.879134, ForwardPE=37.617237
2026-05-27 01:27:24,388 INFO: LOW: TrailingPE=17.927303, ForwardPE=15.7408085
2026-05-27 01:27:24,943 INFO: LULU: TrailingPE=9.604073, ForwardPE=9.650345
2026-05-27 01:27:25,441 INFO: LITE: TrailingPE=160.35388, ForwardPE=50.319134
2026-05-27 01:27:25,944 INFO: LYB: TrailingPE=None, ForwardPE=9.120935
2026-05-27 01:27:26,446 INFO: MTB: TrailingPE=12.091574, ForwardPE=10.317982
2026-05-27 01:27:26,960 INFO: MPC: TrailingPE=16.319078, ForwardPE=11.03796
2026-05-27 01:27:27,505 INFO: MAR: TrailingPE=39.101463, ForwardPE=28.565468
2026-05-27 01:27:28,047 INFO: MRSH: TrailingPE=20.27159, ForwardPE=14.31068
2026-05-27 01:27:28,550 INFO: MLM: TrailingPE=35.212177, ForwardPE=24.351774
2026-05-27 01:27:29,062 INFO: MAS: TrailingPE=17.054457, ForwardPE=14.648449
2026-05-27 01:27:29,743 INFO: MA: TrailingPE=28.49769, ForwardPE=21.656939
2026-05-27 01:27:30,379 INFO: MKC: TrailingPE=7.67541, ForwardPE=13.988354
2026-05-27 01:27:30,875 INFO: MCD: TrailingPE=23.003296, ForwardPE=19.639326
2026-05-27 01:27:31,376 INFO: MCK: TrailingPE=19.65607, ForwardPE=14.990976
2026-05-27 01:27:31,886 INFO: MDT: TrailingPE=21.675978, ForwardPE=12.807521
2026-05-27 01:27:32,386 INFO: MRK: TrailingPE=33.723946, ForwardPE=12.557586
2026-05-27 01:27:33,083 INFO: META: TrailingPE=22.250727, ForwardPE=17.006153
2026-05-27 01:27:33,578 INFO: MET: TrailingPE=16.106382, ForwardPE=7.573835
2026-05-27 01:27:34,254 INFO: MTD: TrailingPE=25.864958, ForwardPE=21.477785
2026-05-27 01:27:34,746 INFO: MGM: TrailingPE=52.671234, ForwardPE=17.2598
2026-05-27 01:27:35,422 INFO: MCHP: TrailingPE=445.68182, ForwardPE=23.965607
2026-05-27 01:27:35,962 INFO: MU: TrailingPE=42.298393, ForwardPE=8.616474
2026-05-27 01:27:36,646 INFO: MSFT: TrailingPE=24.793205, ForwardPE=21.5139
2026-05-27 01:27:37,151 INFO: MAA: TrailingPE=39.557575, ForwardPE=33.55784
2026-05-27 01:27:37,637 INFO: MRNA: TrailingPE=None, ForwardPE=-11.186379
2026-05-27 01:27:38,135 INFO: TAP: TrailingPE=None, ForwardPE=8.221729
2026-05-27 01:27:38,638 INFO: MDLZ: TrailingPE=30.316833, ForwardPE=18.066868
2026-05-27 01:27:39,136 INFO: MPWR: TrailingPE=118.869194, ForwardPE=55.14068
2026-05-27 01:27:39,700 INFO: MNST: TrailingPE=42.231884, ForwardPE=33.831398
2026-05-27 01:27:40,195 INFO: MCO: TrailingPE=32.40661, ForwardPE=24.257227
2026-05-27 01:27:40,697 INFO: MS: TrailingPE=18.275362, ForwardPE=15.886938
2026-05-27 01:27:41,201 INFO: MOS: TrailingPE=161.57143, ForwardPE=11.547887
2026-05-27 01:27:41,764 INFO: MSI: TrailingPE=33.076553, ForwardPE=22.196758
2026-05-27 01:27:42,325 INFO: MSCI: TrailingPE=33.55302, ForwardPE=26.209528
2026-05-27 01:27:42,816 INFO: NDAQ: TrailingPE=27.373493, ForwardPE=20.520462
2026-05-27 01:27:43,313 INFO: NTAP: TrailingPE=23.313757, ForwardPE=16.284985
2026-05-27 01:27:43,810 INFO: NFLX: TrailingPE=28.283873, ForwardPE=22.81628
2026-05-27 01:27:44,306 INFO: NEM: TrailingPE=14.476006, ForwardPE=9.756051
2026-05-27 01:27:44,805 INFO: NWSA: TrailingPE=33.16456, ForwardPE=20.300007
2026-05-27 01:27:45,315 INFO: NWS: TrailingPE=37.911392, ForwardPE=23.205542
2026-05-27 01:27:45,815 INFO: NEE: TrailingPE=22.246193, ForwardPE=19.955057
2026-05-27 01:27:46,393 INFO: NKE: TrailingPE=29.565788, ForwardPE=24.626547
2026-05-27 01:27:46,900 INFO: NI: TrailingPE=23.781094, ForwardPE=21.322721
2026-05-27 01:27:47,400 INFO: NDSN: TrailingPE=30.751068, ForwardPE=23.237112
2026-05-27 01:27:47,904 INFO: NSC: TrailingPE=27.0, ForwardPE=23.68428
2026-05-27 01:27:48,717 INFO: NTRS: TrailingPE=17.794764, ForwardPE=14.315873
2026-05-27 01:27:49,216 INFO: NOC: TrailingPE=17.460018, ForwardPE=18.4645
2026-05-27 01:27:49,734 INFO: NCLH: TrailingPE=13.790323, ForwardPE=8.476845
2026-05-27 01:27:50,255 INFO: NRG: TrailingPE=154.31866, ForwardPE=12.304184
2026-05-27 01:27:50,770 INFO: NUE: TrailingPE=23.861967, ForwardPE=15.223045
2026-05-27 01:27:51,452 INFO: NVDA: TrailingPE=32.953987, ForwardPE=16.990715
2026-05-27 01:27:51,959 INFO: NVR: TrailingPE=14.738999, ForwardPE=14.36967
2026-05-27 01:27:52,477 INFO: NXPI: TrailingPE=31.743322, ForwardPE=18.870913
2026-05-27 01:27:52,992 INFO: ORLY: TrailingPE=29.273617, ForwardPE=24.86058
2026-05-27 01:27:53,545 INFO: OXY: TrailingPE=77.64864, ForwardPE=15.895322
2026-05-27 01:27:54,041 INFO: ODFL: TrailingPE=45.127083, ForwardPE=34.997665
2026-05-27 01:27:54,551 INFO: OMC: TrailingPE=None, ForwardPE=5.98396
2026-05-27 01:27:55,057 INFO: ON: TrailingPE=93.382355, ForwardPE=29.875536
2026-05-27 01:27:55,606 INFO: OKE: TrailingPE=16.121212, ForwardPE=14.633073
2026-05-27 01:27:56,102 INFO: ORCL: TrailingPE=34.66068, ForwardPE=24.034828
2026-05-27 01:27:56,613 INFO: OTIS: TrailingPE=19.343086, ForwardPE=15.415463
2026-05-27 01:27:57,129 INFO: PCAR: TrailingPE=23.831917, ForwardPE=16.53643
2026-05-27 01:27:57,631 INFO: PKG: TrailingPE=26.545567, ForwardPE=17.869427
2026-05-27 01:27:58,308 INFO: PLTR: TrailingPE=153.48315, ForwardPE=65.85418
2026-05-27 01:27:58,871 INFO: PANW: TrailingPE=142.63889, ForwardPE=64.51151
2026-05-27 01:27:59,402 INFO: PSKY: TrailingPE=345.66666, ForwardPE=11.936965
2026-05-27 01:27:59,912 INFO: PH: TrailingPE=31.983421, ForwardPE=25.509407
2026-05-27 01:28:00,446 INFO: PAYX: TrailingPE=20.927153, ForwardPE=16.091635
2026-05-27 01:28:00,954 INFO: PYPL: TrailingPE=8.285178, ForwardPE=7.64441
2026-05-27 01:28:01,509 INFO: PNR: TrailingPE=18.477386, ForwardPE=12.656158
2026-05-27 01:28:02,014 INFO: PEP: TrailingPE=22.869701, ForwardPE=15.925732
2026-05-27 01:28:02,536 INFO: PFE: TrailingPE=19.732826, ForwardPE=9.111352
2026-05-27 01:28:03,118 INFO: PCG: TrailingPE=12.7286825, ForwardPE=9.109418
2026-05-27 01:28:03,616 INFO: PM: TrailingPE=25.531645, ForwardPE=19.873531
2026-05-27 01:28:04,111 INFO: PSX: TrailingPE=17.164858, ForwardPE=10.516301
2026-05-27 01:28:04,678 INFO: PNW: TrailingPE=19.184702, ForwardPE=18.433172
2026-05-27 01:28:05,196 INFO: PNC: TrailingPE=12.830332, ForwardPE=10.499223
2026-05-27 01:28:05,708 INFO: POOL: TrailingPE=16.76011, ForwardPE=15.148444
2026-05-27 01:28:06,269 INFO: PPG: TrailingPE=15.69341, ForwardPE=12.645778
2026-05-27 01:28:06,762 INFO: PPL: TrailingPE=22.159508, ForwardPE=17.062847
2026-05-27 01:28:07,405 INFO: PFG: TrailingPE=15.022956, ForwardPE=10.253844
2026-05-27 01:28:07,912 INFO: PG: TrailingPE=20.870073, ForwardPE=20.162958
2026-05-27 01:28:08,406 INFO: PGR: TrailingPE=10.116031, ForwardPE=12.267644
2026-05-27 01:28:08,928 INFO: PLD: TrailingPE=36.919598, ForwardPE=43.24461
2026-05-27 01:28:09,474 INFO: PRU: TrailingPE=10.568486, ForwardPE=7.01237
2026-05-27 01:28:09,981 INFO: PEG: TrailingPE=17.714602, ForwardPE=17.047087
2026-05-27 01:28:10,488 INFO: PTC: TrailingPE=13.917388, ForwardPE=16.768053
2026-05-27 01:28:11,001 INFO: PSA: TrailingPE=31.453512, ForwardPE=30.117277
2026-05-27 01:28:11,513 INFO: PHM: TrailingPE=11.396518, ForwardPE=10.531838
2026-05-27 01:28:12,034 INFO: PWR: TrailingPE=101.52941, ForwardPE=45.121162
2026-05-27 01:28:12,543 INFO: QCOM: TrailingPE=26.78364, ForwardPE=23.393759
2026-05-27 01:28:13,049 INFO: DGX: TrailingPE=21.289183, ForwardPE=16.526857
2026-05-27 01:28:13,615 INFO: Q: TrailingPE=52.916405, ForwardPE=34.59228
2026-05-27 01:28:14,134 INFO: RL: TrailingPE=25.266712, ForwardPE=18.739067
2026-05-27 01:28:14,634 INFO: RJF: TrailingPE=14.365439, ForwardPE=11.366422
2026-05-27 01:28:15,132 INFO: RTX: TrailingPE=33.57786, ForwardPE=23.669397
2026-05-27 01:28:15,695 INFO: O: TrailingPE=51.188522, ForwardPE=36.280087
2026-05-27 01:28:16,189 INFO: REG: TrailingPE=27.14433, ForwardPE=31.17464
2026-05-27 01:28:16,697 INFO: REGN: TrailingPE=15.497436, ForwardPE=11.802651
2026-05-27 01:28:17,202 INFO: RF: TrailingPE=11.721992, ForwardPE=9.894852
2026-05-27 01:28:17,710 INFO: RSG: TrailingPE=29.663324, ForwardPE=25.687695
2026-05-27 01:28:18,227 INFO: RMD: TrailingPE=20.07529, ForwardPE=17.050797
2026-05-27 01:28:18,732 INFO: RVTY: TrailingPE=46.552887, ForwardPE=16.663683
2026-05-27 01:28:19,257 INFO: HOOD: TrailingPE=35.96602, ForwardPE=27.108013
2026-05-27 01:28:19,774 INFO: ROK: TrailingPE=47.383175, ForwardPE=31.441923
2026-05-27 01:28:20,283 INFO: ROL: TrailingPE=48.77064, ForwardPE=38.03364
2026-05-27 01:28:20,785 INFO: ROP: TrailingPE=19.993757, ForwardPE=13.404365
2026-05-27 01:28:21,296 INFO: ROST: TrailingPE=32.776535, ForwardPE=27.400072
2026-05-27 01:28:21,790 INFO: RCL: TrailingPE=16.33374, ForwardPE=13.381365
2026-05-27 01:28:22,287 INFO: SPGI: TrailingPE=26.056854, ForwardPE=18.576515
2026-05-27 01:28:22,789 INFO: CRM: TrailingPE=22.958975, ForwardPE=11.963926
2026-05-27 01:28:23,297 INFO: SNDK: TrailingPE=54.28791, ForwardPE=9.0636835
2026-05-27 01:28:23,796 INFO: SBAC: TrailingPE=21.234735, ForwardPE=24.888927
2026-05-27 01:28:24,292 INFO: SLB: TrailingPE=25.541851, ForwardPE=17.299717
2026-05-27 01:28:24,994 INFO: STX: TrailingPE=80.01514, ForwardPE=32.300163
2026-05-27 01:28:25,545 INFO: SRE: TrailingPE=31.139456, ForwardPE=16.534105
2026-05-27 01:28:26,050 INFO: NOW: TrailingPE=59.832336, ForwardPE=19.880857
2026-05-27 01:28:26,562 INFO: SHW: TrailingPE=29.870441, ForwardPE=23.45898
2026-05-27 01:28:27,061 INFO: SPG: TrailingPE=14.400835, ForwardPE=30.056644
2026-05-27 01:28:27,565 INFO: SWKS: TrailingPE=34.75833, ForwardPE=16.21068
2026-05-27 01:28:28,140 INFO: SJM: TrailingPE=None, ForwardPE=10.335396
2026-05-27 01:28:28,657 INFO: SW: TrailingPE=54.444443, ForwardPE=12.393964
2026-05-27 01:28:29,165 INFO: SNA: TrailingPE=19.220041, ForwardPE=17.473585
2026-05-27 01:28:29,867 INFO: SOLV: TrailingPE=9.335373, ForwardPE=10.802504
2026-05-27 01:28:30,365 INFO: SO: TrailingPE=24.063936, ForwardPE=19.135496
2026-05-27 01:28:30,950 INFO: LUV: TrailingPE=28.186666, ForwardPE=9.373975
2026-05-27 01:28:31,564 INFO: SWK: TrailingPE=32.34836, ForwardPE=12.736192
2026-05-27 01:28:32,081 INFO: SBUX: TrailingPE=77.419846, ForwardPE=33.508995
2026-05-27 01:28:32,640 INFO: STT: TrailingPE=16.093401, ForwardPE=11.47446
2026-05-27 01:28:33,161 INFO: STLD: TrailingPE=26.819057, ForwardPE=14.72452
2026-05-27 01:28:33,727 INFO: STE: TrailingPE=27.272385, ForwardPE=17.873554
2026-05-27 01:28:34,275 INFO: SYK: TrailingPE=36.22685, ForwardPE=18.728765
2026-05-27 01:28:34,778 INFO: SMCI: TrailingPE=19.526316, ForwardPE=11.521631
2026-05-27 01:28:35,289 INFO: SYF: TrailingPE=7.4430647, ForwardPE=6.8581347
2026-05-27 01:28:35,797 INFO: SNPS: TrailingPE=82.11367, ForwardPE=31.343098
2026-05-27 01:28:36,315 INFO: SYY: TrailingPE=20.922222, ForwardPE=15.202955
2026-05-27 01:28:36,828 INFO: TMUS: TrailingPE=20.330853, ForwardPE=13.67764
2026-05-27 01:28:37,412 INFO: TROW: TrailingPE=11.139485, ForwardPE=10.778923
2026-05-27 01:28:37,918 INFO: TTWO: TrailingPE=None, ForwardPE=21.922249
2026-05-27 01:28:38,413 INFO: TPR: TrailingPE=42.87195, ForwardPE=18.22957
2026-05-27 01:28:38,922 INFO: TRGP: TrailingPE=27.539797, ForwardPE=22.587585
2026-05-27 01:28:39,426 INFO: TGT: TrailingPE=16.569353, ForwardPE=14.112652
2026-05-27 01:28:39,973 INFO: TEL: TrailingPE=21.307457, ForwardPE=16.511003
2026-05-27 01:28:40,530 INFO: TDY: TrailingPE=31.82818, ForwardPE=24.100819
2026-05-27 01:28:41,022 INFO: TER: TrailingPE=72.33086, ForwardPE=40.905186
2026-05-27 01:28:41,514 INFO: TSLA: TrailingPE=390.6216, ForwardPE=172.76636
2026-05-27 01:28:42,076 INFO: TXN: TrailingPE=55.63185, ForwardPE=34.43948
2026-05-27 01:28:42,579 INFO: TPL: TrailingPE=54.957417, ForwardPE=5.47169
2026-05-27 01:28:43,091 INFO: TXT: TrailingPE=17.687023, ForwardPE=12.701597
2026-05-27 01:28:43,652 INFO: TMO: TrailingPE=24.625273, ForwardPE=16.417824
2026-05-27 01:28:44,262 INFO: TJX: TrailingPE=30.928017, ForwardPE=27.653208
2026-05-27 01:28:44,758 INFO: TKO: TrailingPE=70.18283, ForwardPE=40.34517
2026-05-27 01:28:45,335 INFO: TTD: TrailingPE=25.204546, ForwardPE=10.247218
2026-05-27 01:28:45,913 INFO: TSCO: TrailingPE=14.679803, ForwardPE=12.877354
2026-05-27 01:28:46,410 INFO: TT: TrailingPE=35.277523, ForwardPE=27.103767
2026-05-27 01:28:46,902 INFO: TDG: TrailingPE=38.264668, ForwardPE=26.150751
2026-05-27 01:28:47,403 INFO: TRV: TrailingPE=9.099701, ForwardPE=10.678156
2026-05-27 01:28:47,949 INFO: TRMB: TrailingPE=29.497383, ForwardPE=13.847754
2026-05-27 01:28:48,458 INFO: TFC: TrailingPE=12.049505, ForwardPE=9.498592
2026-05-27 01:28:49,167 INFO: TYL: TrailingPE=42.457184, ForwardPE=21.406406
2026-05-27 01:28:49,668 INFO: TSN: TrailingPE=51.283463, ForwardPE=14.298948
2026-05-27 01:28:50,220 INFO: USB: TrailingPE=11.57652, ForwardPE=9.771134
2026-05-27 01:28:50,771 INFO: UBER: TrailingPE=17.399504, ForwardPE=16.153706
2026-05-27 01:28:51,284 INFO: UDR: TrailingPE=25.870747, ForwardPE=63.383327
2026-05-27 01:28:51,792 INFO: ULTA: TrailingPE=20.118519, ForwardPE=16.290401
2026-05-27 01:28:52,308 INFO: UNP: TrailingPE=22.312757, ForwardPE=19.809216
2026-05-27 01:28:52,817 INFO: UAL: TrailingPE=9.47406, ForwardPE=7.4679637
2026-05-27 01:28:53,333 INFO: UPS: TrailingPE=16.5, ForwardPE=12.742491
2026-05-27 01:28:53,849 INFO: URI: TrailingPE=24.601942, ForwardPE=17.88479
2026-05-27 01:28:54,337 INFO: UNH: TrailingPE=28.356659, ForwardPE=18.076605
2026-05-27 01:28:54,853 INFO: UHS: TrailingPE=6.5398746, ForwardPE=6.148231
2026-05-27 01:28:55,346 INFO: VLO: TrailingPE=17.649853, ForwardPE=12.315937
2026-05-27 01:28:55,852 INFO: VEEV: TrailingPE=29.089909, ForwardPE=16.040096
2026-05-27 01:28:56,347 INFO: VTR: TrailingPE=160.67273, ForwardPE=104.37361
2026-05-27 01:28:56,868 INFO: VLTO: TrailingPE=22.177835, ForwardPE=18.501238
2026-05-27 01:28:57,368 INFO: VRSN: TrailingPE=33.90718, ForwardPE=28.807194
2026-05-27 01:28:57,891 INFO: VRSK: TrailingPE=26.196945, ForwardPE=19.820175
2026-05-27 01:28:58,440 INFO: VZ: TrailingPE=11.82683, ForwardPE=9.194527
2026-05-27 01:28:59,009 INFO: VRTX: TrailingPE=25.855871, ForwardPE=20.272768
2026-05-27 01:28:59,559 INFO: VRT: TrailingPE=80.9775, ForwardPE=36.654713
2026-05-27 01:29:00,122 INFO: VTRS: TrailingPE=None, ForwardPE=6.0825067
2026-05-27 01:29:00,728 INFO: VICI: TrailingPE=9.80137, ForwardPE=9.751278
2026-05-27 01:29:01,409 INFO: V: TrailingPE=28.439026, ForwardPE=21.98378
2026-05-27 01:29:01,957 INFO: VST: TrailingPE=27.472454, ForwardPE=15.018367
2026-05-27 01:29:02,451 INFO: VMC: TrailingPE=31.827219, ForwardPE=24.800491
2026-05-27 01:29:03,013 INFO: WRB: TrailingPE=14.264832, ForwardPE=13.948825
2026-05-27 01:29:03,570 INFO: GWW: TrailingPE=33.599247, ForwardPE=24.80688
2026-05-27 01:29:04,069 INFO: WAB: TrailingPE=36.93079, ForwardPE=21.556732
2026-05-27 01:29:04,634 INFO: WMT: TrailingPE=41.75, ForwardPE=36.05014
2026-05-27 01:29:05,151 INFO: DIS: TrailingPE=16.5248, ForwardPE=13.780772
2026-05-27 01:29:05,658 INFO: WBD: TrailingPE=None, ForwardPE=1800.0
2026-05-27 01:29:06,171 INFO: WM: TrailingPE=31.183792, ForwardPE=23.302542
2026-05-27 01:29:06,666 INFO: WAT: TrailingPE=43.02923, ForwardPE=20.630667
2026-05-27 01:29:07,229 INFO: WEC: TrailingPE=22.643288, ForwardPE=18.818808
2026-05-27 01:29:07,737 INFO: WFC: TrailingPE=11.981453, ForwardPE=9.813776
2026-05-27 01:29:08,435 INFO: WELL: TrailingPE=104.8702, ForwardPE=64.91965
2026-05-27 01:29:08,926 INFO: WST: TrailingPE=42.325306, ForwardPE=33.095337
2026-05-27 01:29:09,428 INFO: WDC: TrailingPE=31.39737, ForwardPE=30.116835
2026-05-27 01:29:09,958 INFO: WY: TrailingPE=42.535713, ForwardPE=34.175034
2026-05-27 01:29:10,458 INFO: WSM: TrailingPE=22.264872, ForwardPE=19.395758
2026-05-27 01:29:10,964 INFO: WMB: TrailingPE=33.482456, ForwardPE=29.692724
2026-05-27 01:29:11,476 INFO: WTW: TrailingPE=15.044014, ForwardPE=11.5681305
2026-05-27 01:29:11,977 INFO: WDAY: TrailingPE=38.515526, ForwardPE=9.847827
2026-05-27 01:29:12,498 INFO: WYNN: TrailingPE=28.04298, ForwardPE=17.980265
2026-05-27 01:29:13,000 INFO: XEL: TrailingPE=23.27954, ForwardPE=17.824635
2026-05-27 01:29:13,507 INFO: XYL: TrailingPE=27.57568, ForwardPE=18.238873
2026-05-27 01:29:14,114 INFO: YUM: TrailingPE=24.800322, ForwardPE=20.54524
2026-05-27 01:29:14,616 INFO: ZBRA: TrailingPE=30.487925, ForwardPE=12.190681
2026-05-27 01:29:15,122 INFO: ZBH: TrailingPE=21.867878, ForwardPE=9.386388
2026-05-27 01:29:15,681 INFO: ZTS: TrailingPE=13.15246, ForwardPE=10.793641
2026-05-27 01:29:15,682 INFO: Retry attempt 1: 28 tickers to retry...
2026-05-27 01:29:16,191 INFO: ALB: TrailingPE=None, ForwardPE=14.72835
2026-05-27 01:29:16,709 INFO: ARE: TrailingPE=None, ForwardPE=-55.079548
2026-05-27 01:29:17,205 INFO: BAX: TrailingPE=None, ForwardPE=9.635942
2026-05-27 01:29:17,757 INFO: BRK.B: TrailingPE=None, ForwardPE=None
2026-05-27 01:29:18,479 INFO: BF.B: TrailingPE=None, ForwardPE=None
2026-05-27 01:29:18,977 INFO: CNC: TrailingPE=None, ForwardPE=12.841087
2026-05-27 01:29:19,530 INFO: CRL: TrailingPE=None, ForwardPE=12.732297
2026-05-27 01:29:20,107 INFO: CAG: TrailingPE=None, ForwardPE=7.81575
2026-05-27 01:29:20,607 INFO: CRWD: TrailingPE=None, ForwardPE=109.03945
2026-05-27 01:29:21,303 INFO: DOW: TrailingPE=None, ForwardPE=16.49338
2026-05-27 01:29:22,003 INFO: SATS: TrailingPE=None, ForwardPE=-1080.0
2026-05-27 01:29:22,582 INFO: EL: TrailingPE=None, ForwardPE=27.24324
2026-05-27 01:29:23,179 INFO: F: TrailingPE=None, ForwardPE=8.374926
2026-05-27 01:29:23,763 INFO: HAS: TrailingPE=None, ForwardPE=13.719711
2026-05-27 01:29:24,276 INFO: HPE: TrailingPE=None, ForwardPE=13.929759
2026-05-27 01:29:24,781 INFO: INTC: TrailingPE=None, ForwardPE=80.222374
2026-05-27 01:29:25,483 INFO: IP: TrailingPE=None, ForwardPE=11.936463
2026-05-27 01:29:25,995 INFO: IVZ: TrailingPE=None, ForwardPE=9.321538
2026-05-27 01:29:26,529 INFO: KHC: TrailingPE=None, ForwardPE=11.313721
2026-05-27 01:29:27,052 INFO: LYV: TrailingPE=None, ForwardPE=77.49117
2026-05-27 01:29:27,553 INFO: LYB: TrailingPE=None, ForwardPE=9.120935
2026-05-27 01:29:28,126 INFO: MRNA: TrailingPE=None, ForwardPE=-11.186379
2026-05-27 01:29:28,631 INFO: TAP: TrailingPE=None, ForwardPE=8.221729
2026-05-27 01:29:29,135 INFO: OMC: TrailingPE=None, ForwardPE=5.98396
2026-05-27 01:29:29,654 INFO: SJM: TrailingPE=None, ForwardPE=10.335396
2026-05-27 01:29:30,030 INFO: TTWO: TrailingPE=None, ForwardPE=21.922249
2026-05-27 01:29:30,444 INFO: VTRS: TrailingPE=None, ForwardPE=6.0825067
2026-05-27 01:29:30,799 INFO: WBD: TrailingPE=None, ForwardPE=1800.0
2026-05-27 01:29:30,800 INFO: No further progress in retry attempt 1. Stopping retries.
2026-05-27 01:29:30,806 INFO: Saved 475 results to good_forward_pe_results_20260527_012930.csv.
